VehicleNumber,Lines,Brigade,Time,Lon,Lat
1000,219,1,2024-02-19 22:06:29,21.157063,52.1857671
1001,219,3,2024-02-19 22:06:31,21.1572581,52.2139383
1002,213,3,2024-02-19 22:06:30,21.2343178,52.1779196
1003,219,2,2024-02-19 22:06:31,21.1022391,52.2228755
1004,213,3,2024-02-19 21:53:58,21.117198,52.234593
1005,213,4,2024-02-19 22:06:27,21.196162,52.1581775
1006,119,3,2024-02-19 21:34:13,21.114909,52.234656
1007,213,1,2024-02-19 22:06:29,21.1589023,52.2120791
10071,L-8,1,2024-02-19 22:06:31,21.0356201,52.3975733
10072,L31,1,2024-02-19 20:57:30,21.2322488,52.4986046
10073,L49,1,2024-02-19 22:06:34,20.8851788,52.4098479
10074,L23,696,2024-02-19 22:06:33,21.0294301,52.0747396
10075,L-8,02,2024-02-19 19:48:20,21.1389361,52.3829733
1008,311,502,2024-02-19 21:57:19,21.115541,52.234619
1009,213,2,2024-02-19 22:06:30,21.091113,52.2222268
1010,225,501,2024-02-19 18:35:53,21.115666,52.234569
1011,213,2,2024-02-14 18:50:46,21.114953,52.234814
1012,213,5,2024-02-19 21:44:28,21.115146,52.23463
1013,196,03,2024-02-19 19:37:47,21.115614,52.234621
1014,225,503,2024-02-19 17:55:24,21.1158,52.234586
1020,339,02,2024-02-19 19:30:28,20.995867,52.187286
1021,192,1,2024-02-19 20:26:19,20.9953491,52.1882435
1022,107,3,2024-02-19 22:06:15,20.979269,52.244501
1023,239,777,2024-02-19 20:14:56,20.9952572,52.1882969
1024,192,5,2024-02-19 20:19:17,20.9959082,52.188427
1025,107,9,2024-02-19 21:23:54,20.9979857,52.1861371
1026,239,776,2024-02-19 19:56:19,20.99581,52.188465
1027,339,02,2024-02-19 21:26:30,20.9979537,52.186366
1028,339,03,2024-02-19 19:36:26,20.995516,52.187969
1029,208,05,2024-02-19 19:57:05,20.996052,52.187378
1030,107,7,2024-02-19 22:06:30,21.08308,52.190601
1031,208,06,2024-02-19 20:27:04,20.995659,52.187969
1032,163,03,2024-02-19 19:05:06,20.995575,52.188076
1033,163,02,2024-02-19 20:21:36,20.9960154,52.1884869
1034,192,2,2024-02-19 13:09:19,20.997934,52.186306
1035,108,399,2024-02-19 21:25:14,21.023908,52.179776
1036,263,06,2024-02-19 20:19:42,20.995294,52.187803
1037,208,04,2024-02-19 14:27:48,20.995644,52.188469
1038,208,03,2024-02-19 19:22:29,20.9956769,52.1885176
1039,200,1,2024-02-19 19:11:20,20.99515,52.188183
1040,204,04,2024-02-19 19:15:05,21.045155,52.264531
1041,107,2,2024-02-15 07:45:40,21.046568,52.263918
1042,204,03,2024-02-19 18:21:02,21.046123,52.264646
1043,204,05,2024-02-19 20:58:48,21.044489,52.264903
1044,107,2,2024-02-19 22:06:31,21.0471067,52.2636967
1045,107,4,2024-02-19 20:58:19,21.044274,52.265016
1046,107,8,2024-02-19 22:06:33,21.03931,52.2025767
1048,204,04,2024-02-19 15:44:09,21.04836,52.2641255
1049,204,06,2024-02-19 18:59:09,21.044583,52.264901
1050,208,591,2024-02-19 18:51:32,20.919551,52.19651
1051,228,1,2024-02-19 22:06:26,20.892923,52.200291
1052,228,2,2024-02-19 22:06:18,20.928125,52.214345
1053,191,591,2024-02-19 07:16:58,20.921379,52.196853
1054,228,3,2024-02-19 22:06:14,20.969573,52.194181
1055,207,1,2024-02-19 22:06:13,20.904778,52.188918
1056,207,4,2024-02-13 08:52:19,20.918528,52.196728
1057,208,591,2024-02-19 16:56:44,20.921473,52.196635
1058,207,3,2024-02-13 07:31:20,20.919635,52.1969033
1059,208,2,2024-02-19 22:06:26,20.9668667,52.2020367
1060,192,3,2024-02-19 20:14:06,20.995636,52.187965
1061,192,2,2024-02-19 19:57:30,20.995581,52.188011
1062,263,4,2024-02-19 22:06:32,21.0561097,52.1487644
1063,107,1,2024-02-19 22:06:33,21.001118,52.244183
1064,192,06,2024-02-19 19:07:39,20.9956682,52.188489
1065,108,5,2024-02-19 22:06:29,21.07696,52.209057
1066,108,3,2024-02-19 22:06:32,21.0240197,52.1797542
1067,209,776,2024-02-19 20:18:48,20.9955796,52.1881729
1068,163,02,2024-02-19 21:15:55,20.9966396,52.1877314
1069,107,6,2024-02-19 22:06:32,21.024593,52.189774
1070,108,2,2024-02-19 22:06:32,21.031174,52.177719
1071,108,1,2024-02-19 22:05:06,20.9953522,52.1883444
1072,108,4,2024-02-19 22:02:15,20.9979655,52.1860816
1073,339,01,2024-02-19 20:19:51,20.9958614,52.1885174
1074,200,2,2024-02-19 20:25:39,20.996025,52.188473
1075,163,01,2024-02-19 19:27:05,20.9955449,52.1882256
1076,164,05,2024-02-19 20:44:21,20.9960496,52.188497
1077,164,04,2024-02-19 20:04:01,20.995796,52.188469
1078,192,4,2024-02-19 20:42:23,20.9979547,52.1862777
1079,208,04,2024-02-19 22:06:32,20.995663,52.187058
1101,170,3,2024-02-19 22:06:31,21.0353443,52.2538671
1102,118,1,2024-02-19 22:06:24,21.030539,52.2395106
1106,170,2,2024-02-19 20:21:59,21.044686,52.2647471
1109,303,1,2024-02-19 18:38:10,21.045245,52.264673
1110,123,3,2024-02-19 16:38:04,21.0483463,52.2642493
1112,338,03,2024-02-19 18:26:55,21.0445595,52.2648338
1115,170,05,2024-02-19 22:06:26,21.037431,52.2672191
1117,126,3,2024-02-19 22:06:32,21.0098861,52.3030286
1118,338,04,2024-02-19 18:46:11,21.0453616,52.26444
1119,169,5,2024-02-19 22:06:25,21.032608,52.293503
11201,L27,1,2024-02-19 22:05:37,21.1804175,52.4219435
11202,L27,2,2024-02-19 19:43:34,21.1806196,52.4218286
1200,319,01,2024-02-19 19:29:20,20.995554,52.188099
1201,263,5,2024-02-19 22:06:29,21.077377,52.15691
1202,119,06,2024-02-19 20:57:28,20.997959,52.186108
1203,166,661,2024-02-19 22:06:31,21.0277225,52.1626452
1204,106,6,2024-02-19 22:06:31,21.0271056,52.239394
1205,118,4,2024-02-19 21:29:33,20.9953289,52.1883132
1206,218,5,2024-02-19 22:06:33,21.0013137,52.1890734
1207,218,2,2024-02-19 22:06:32,21.016113,52.180058
1208,263,1,2024-02-19 22:06:33,21.044825,52.17519
1209,218,3,2024-02-19 22:06:33,21.012627,52.1891202
1211,263,3,2024-02-19 22:06:32,21.0489502,52.1783446
1212,106,7,2024-02-19 20:52:08,20.997562,52.185761
1213,106,4,2024-02-19 22:06:32,20.9651486,52.2479146
1214,106,5,2024-02-19 18:17:09,20.9972977,52.1878244
1216,139,62,2024-02-19 22:06:32,20.9961052,52.1879284
1217,251,65,2024-02-19 22:06:32,21.1231507,52.0895382
1218,166,6,2024-02-19 17:09:58,20.997972,52.186153
1219,106,1,2024-02-19 22:06:29,21.019194,52.246479
1220,106,2,2024-02-19 22:06:29,21.0044,52.237331
1221,251,64,2024-02-19 22:06:33,21.034201,52.177227
1222,263,2,2024-02-19 22:06:33,21.0552954,52.1815179
1223,218,1,2024-02-19 22:06:33,20.995394,52.188354
1224,739,014,2024-02-19 20:44:45,20.995253,52.188266
1400,123,3,2024-02-19 20:59:52,21.0422868,52.2660393
1401,178,012,2024-02-19 21:05:23,21.0477631,52.2640571
1411,319,02,2024-02-19 14:55:38,21.115343,52.23474
1412,115,6,2024-02-19 22:06:29,21.170301,52.277088
1413,183,6,2024-02-19 22:06:32,21.087065,52.244781
1414,183,4,2024-02-19 22:06:33,21.18745,52.246963
1415,147,2,2024-02-19 22:06:33,21.101824,52.241947
1416,173,5,2024-02-19 22:06:30,21.22352,52.250462
1417,507,214,2024-02-19 22:06:33,21.0081242,52.2290364
1418,730,52,2024-02-19 22:06:31,21.1156244,52.2333759
1419,119,2,2024-02-19 22:06:32,21.1443469,52.2142175
1420,147,1,2024-02-19 22:06:32,21.038799,52.243752
1421,142,06,2024-02-19 19:17:53,21.117006,52.233055
1422,702,215,2024-02-19 15:39:47,21.115339,52.234817
1424,117,4,2024-02-19 22:06:32,21.059181,52.226826
1425,720,62,2024-02-19 21:33:24,21.1157311,52.2344662
1426,183,07,2024-02-19 22:06:32,21.1917802,52.2387884
1427,146,2,2024-02-19 22:06:33,21.160227,52.165375
1428,153,2,2024-02-19 22:06:33,21.17704,52.256931
1429,119,1,2024-02-19 22:06:31,21.028732,52.209442
1430,123,297,2024-02-19 22:06:33,21.063547,52.23098
1500,166,09,2024-02-19 20:54:09,21.045324,52.2649026
1501,240,2,2024-02-19 22:06:29,21.0617661,52.3099958
1502,106,08,2024-02-19 19:08:11,21.0463228,52.2646118
1505,126,1,2024-02-19 22:06:30,21.0462408,52.264787
1506,170,06,2024-02-19 21:37:48,21.0452486,52.264893
1508,126,4,2024-02-19 22:06:29,21.0233756,52.286256
1509,221,1,2024-02-19 22:06:30,20.9943026,52.2595018
1513,118,05,2024-02-19 19:26:13,21.045048,52.264646
1519,156,4,2024-02-19 21:25:25,21.0466396,52.2640675
1520,115,4,2024-02-19 22:06:33,21.1685867,52.2425417
1521,319,04,2024-02-19 16:36:43,21.117223,52.232973
1522,142,08,2024-02-19 18:37:44,21.11711,52.233058
1523,115,2,2024-02-19 22:06:30,21.242225,52.169848
1524,153,04,2024-02-19 22:06:13,21.115658,52.234806
1525,153,1,2024-02-19 22:06:32,21.1720567,52.2847933
1526,183,1,2024-02-19 19:36:11,21.116756,52.233103
1527,119,4,2024-02-19 22:06:31,21.095486,52.216234
1528,147,5,2024-02-19 22:06:26,21.165566,52.204219
1529,702,2,2024-02-19 22:06:17,21.117376,52.233253
1530,173,4,2024-02-19 22:06:29,21.1381,52.239461
1532,319,03,2024-02-19 19:56:21,20.997663,52.186413
1533,319,07,2024-02-19 22:06:15,20.996604,52.188103
1534,139,61,2024-02-19 22:06:27,21.11315,52.1099183
1535,218,4,2024-02-19 21:06:12,20.995273,52.188266
1536,169,1,2024-02-19 22:06:26,21.0442517,52.250055
1537,118,2,2024-02-19 22:06:28,21.015564,52.218989
1538,123,4,2024-02-19 22:06:32,21.045839,52.264324
1539,123,09,2024-02-19 22:06:25,20.9559033,52.279005
1540,303,3,2024-02-19 18:05:29,21.045681,52.264333
1541,123,07,2024-02-19 15:07:11,21.046739,52.265031
1542,181,2,2024-02-19 22:06:26,21.045785,52.264345
1543,126,2,2024-02-19 22:06:24,20.952011,52.318413
1544,123,6,2024-02-19 21:45:36,21.043461,52.266078
1545,123,1,2024-02-19 19:23:35,21.099216,52.226481
1546,197,3,2024-02-19 22:06:24,20.975798,52.289605
1548,123,08,2024-02-19 12:13:26,21.044086,52.264969
1549,122,8,2024-02-19 22:06:28,21.014625,52.2740033
1550,178,012,2024-02-19 21:38:14,21.048338,52.264425
1551,122,3,2024-02-19 22:06:33,20.8966483,52.2370133
1552,170,4,2024-02-19 21:08:46,21.044176,52.265064
1553,166,343,2024-02-19 13:30:58,21.048179,52.264188
1554,169,3,2024-02-19 21:08:20,21.045235,52.264853
1555,107,5,2024-02-19 22:06:19,21.047275,52.21243
1800,106,09,2024-02-19 19:57:00,21.0442048,52.2649851
1801,221,02,2024-02-19 19:35:40,21.0444076,52.2649945
1802,170,1,2024-02-19 22:06:30,21.0939191,52.2708908
1803,197,010,2024-02-19 22:06:33,20.955961,52.283718
1804,166,5,2024-02-19 19:35:33,21.0443113,52.2649036
1805,204,07,2024-02-19 21:03:44,21.0436893,52.265199
1806,117,06,2024-02-19 13:02:50,21.0464266,52.2640891
1807,156,1,2024-02-19 22:06:30,21.0521425,52.253015
1808,173,6,2024-02-19 22:06:31,21.2431695,52.2199025
1809,303,2,2024-02-19 22:06:33,21.0456351,52.2644878
1810,166,4,2024-02-19 21:55:44,21.0438855,52.2651436
1811,166,7,2024-02-19 22:06:32,21.024197,52.223786
1812,181,4,2024-02-19 22:06:28,21.0455265,52.2649753
1813,118,3,2024-02-19 22:06:24,21.0194846,52.2460808
1814,338,01,2024-02-19 19:07:34,21.0448321,52.2646643
1815,117,06,2024-02-19 20:51:24,21.0455115,52.2654786
1816,123,2,2024-02-19 22:06:29,21.0545815,52.250379
1817,181,3,2024-02-19 15:53:12,21.0482165,52.2640018
1818,240,1,2024-02-19 22:06:27,21.1116678,52.3309358
1819,166,8,2024-02-19 22:06:33,21.0655291,52.1432178
1830,117,2,2024-02-19 21:51:23,21.1163965,52.2331743
1833,212,06,2024-02-19 20:13:35,21.0464096,52.2645971
1835,117,3,2024-02-19 20:32:22,21.116551,52.233145
1838,146,3,2024-02-19 21:05:30,21.1157958,52.2333311
1839,338,05,2024-02-19 18:50:07,21.0447676,52.264728
1840,173,012,2024-02-19 20:15:57,21.11668,52.2330673
1842,173,3,2024-02-19 22:06:27,21.0781366,52.250358
1843,173,5,2024-02-19 06:45:42,21.1144846,52.2344258
1844,122,6,2024-02-19 22:06:29,20.955958,52.2612916
1845,183,5,2024-02-19 22:06:28,21.1245828,52.2353086
1846,736,2,2024-02-19 21:05:43,21.0464788,52.2647486
1848,147,3,2024-02-19 22:06:29,21.0918153,52.225266
1849,119,5,2024-02-19 22:06:27,21.0003038,52.2060998
1851,173,9,2024-02-19 22:06:28,21.156871,52.2400473
1855,115,5,2024-02-19 20:17:10,21.117346,52.2335776
1856,181,1,2024-02-19 22:06:27,20.9808835,52.275437
1857,730,01,2024-02-19 22:06:32,21.2537653,52.2189358
1858,173,7,2024-02-19 22:06:27,21.2187121,52.2174608
1859,722,01,2024-02-19 20:29:18,21.1154745,52.2333453
1862,183,3,2024-02-19 21:32:46,21.116398,52.233157
1863,722,61,2024-02-19 19:14:35,21.1159535,52.2333918
1869,720,61,2024-02-19 22:06:26,21.256945,52.215479
1901,222,6,2024-02-19 22:06:25,21.018969,52.218331
1903,E-1,04,2024-02-15 10:23:09,20.997366,52.185998
1904,222,5,2024-02-19 13:20:39,20.995738,52.186088
1905,900,1,2024-02-15 09:50:34,20.995118,52.185748
1906,222,3,2024-02-19 22:06:20,20.995611,52.18943
1907,106,3,2024-02-19 22:06:33,20.9660417,52.2470049
1908,251,066,2024-02-19 11:53:01,20.995098,52.186041
1909,222,2,2024-02-19 22:06:33,20.9957359,52.1877232
1910,222,4,2024-02-19 22:06:33,21.0050084,52.2447105
1911,222,5,2024-02-19 21:56:42,20.995341,52.18652
1912,166,010,2024-02-19 19:48:13,20.995251,52.186796
1914,251,63,2024-02-19 22:06:33,21.086571,52.159843
1915,139,066,2024-02-19 21:19:26,20.995221,52.186901
1916,739,07,2024-02-19 20:40:10,20.995221,52.186708
1917,106,5,2024-02-19 22:06:29,20.96949,52.229324
1918,739,013,2024-02-19 19:50:46,20.995329,52.186799
1919,222,1,2024-02-19 21:38:57,20.995167,52.186695
1920,222,4,2024-02-19 16:09:22,20.9952249,52.1860662
1990,119,07,2024-02-19 19:35:08,20.9953635,52.1864704
1991,331,05,2024-02-19 20:19:49,20.995399,52.186291
1992,331,02,2024-02-19 19:25:20,20.995456,52.186438
1993,331,01,2024-02-19 19:40:05,20.99538,52.186223
1994,739,014,2024-02-19 16:51:25,20.995285,52.18639
1996,331,03,2024-02-19 20:26:05,20.9952434,52.1863114
1997,331,04,2024-02-19 21:17:32,20.9952269,52.1863725
1998,119,07,2024-02-19 13:58:08,20.9954082,52.1862825
2000,148,7,2024-02-19 21:51:50,20.9972719,52.1871602
2001,189,8,2024-02-19 22:06:33,20.9978342,52.1870672
2002,504,013,2024-02-19 20:22:39,20.997322,52.187565
2004,710,4,2024-02-19 22:06:33,21.0688792,52.1289149
2005,217,07,2024-02-19 19:08:27,20.9964877,52.1869232
2006,319,03,2024-02-08 11:45:23,20.9967542,52.1857972
2007,217,3,2024-02-19 22:06:32,20.998066,52.187424
2008,504,2,2024-02-19 12:13:04,20.9970315,52.1864016
2009,739,09,2024-02-19 13:24:54,20.9970527,52.1863477
2010,162,013,2024-02-19 19:36:30,20.995056,52.187557
2012,739,012,2024-02-19 12:32:59,20.9979577,52.1859899
2013,522,013,2024-02-19 18:57:32,20.9974487,52.1873824
2014,522,3,2024-02-19 22:06:23,21.067101,52.170916
2016,519,4,2024-02-19 22:06:32,21.0927982,52.1168267
2017,401,022,2024-02-19 19:41:03,20.997903,52.187615
20174,L50,2,2024-02-19 17:57:04,21.4027918,52.2015346
2018,709,7,2024-02-19 22:06:32,21.018847,52.10125
2019,166,012,2024-02-19 21:32:17,20.9980517,52.1874302
2020,308,01,2024-02-19 19:21:52,20.9951464,52.1876366
2021,501,1,2024-02-19 22:06:33,21.0077155,52.1890124
2022,189,9,2024-02-19 22:06:32,21.009266,52.17532
2023,189,5,2024-02-19 22:06:32,20.914612,52.208282
2024,709,012,2024-02-19 19:14:43,20.9963944,52.1876015
2025,504,6,2024-02-19 22:06:30,20.9880469,52.2165621
2026,709,2,2024-02-19 22:06:30,20.9959577,52.1888907
2027,162,015,2024-02-19 20:07:01,20.996559,52.186411
2028,709,8,2024-02-19 20:13:01,20.9970571,52.1868041
2029,141,10,2024-02-19 21:54:38,20.996601,52.186367
2030,189,021,2024-02-19 20:47:45,20.997459,52.1869201
2031,189,027,2024-02-19 21:32:36,20.9972469,52.186918
2032,709,014,2024-02-19 19:34:10,20.997485,52.187491
2033,189,1,2024-02-19 22:06:32,20.908206,52.228429
2034,162,014,2024-02-19 19:25:21,20.996679,52.187778
2036,522,012,2024-02-19 18:31:54,20.996939,52.187565
2037,189,14,2024-02-19 22:06:29,21.021002,52.1731
2038,174,07,2024-02-19 21:10:44,20.99729,52.187782
2039,742,1,2024-02-19 22:06:32,21.2169699,51.9812097
2040,401,030,2024-02-19 19:01:09,20.996561,52.186905
2041,402,8,2024-02-19 22:06:33,21.051467,52.1967519
2042,401,022,2024-02-15 16:41:16,20.996571,52.187561
2044,522,269,2024-02-19 22:06:33,21.002602,52.229431
2045,401,029,2024-02-19 19:01:48,20.996596,52.187648
2046,193,06,2024-02-19 20:01:48,20.9972656,52.187804
2200,124,03,2024-02-19 19:08:43,20.921638,52.197213
2201,191,1,2024-02-19 22:06:33,20.9495044,52.2104887
2202,184,2,2024-02-19 22:06:32,20.972815,52.218529
2203,317,06,2024-02-19 20:47:33,20.919446,52.196654
2204,717,068,2024-02-15 14:07:32,20.922216,52.197108
2205,184,6,2024-02-19 17:58:49,20.920799,52.1965
2206,105,3,2024-02-19 22:06:33,20.915569,52.199421
2207,191,09,2024-02-19 12:09:40,20.9191735,52.1968304
2208,172,2,2024-02-19 22:06:23,20.922106,52.196066
2209,148,011,2024-02-19 21:27:41,20.922446,52.196158
2210,517,4,2024-02-19 22:06:33,20.860888,52.192253
2211,136,015,2024-02-19 17:28:17,20.922225,52.197124
2212,191,08,2024-02-19 19:04:23,20.920908,52.196531
2214,401,027,2024-02-19 19:47:50,20.92145,52.197288
2216,317,3,2024-02-19 22:06:32,20.947891,52.180161
2217,719,2,2024-02-19 22:06:32,20.7475689,52.2549221
2218,517,5,2024-02-19 22:06:32,20.8844647,52.1944174
2219,517,M10,2024-02-19 16:52:44,20.920716,52.196638
2220,184,7,2024-02-19 22:06:14,20.921998,52.196064
2221,172,5,2024-02-19 22:06:31,20.955684,52.211829
2222,517,011,2024-02-19 19:38:14,20.920968,52.196505
2223,105,013,2024-02-19 19:50:37,20.923078,52.196098
2224,401,026,2024-02-19 19:20:33,20.921451,52.196396
2225,187,5,2024-02-19 22:06:33,20.9606384,52.2165434
2226,401,7,2024-02-19 18:54:34,20.920866,52.196496
2227,191,09,2024-02-19 19:51:31,20.9211897,52.1964744
2228,401,7,2024-02-19 22:06:32,21.00272,52.177948
2229,716,01,2024-02-19 20:05:49,20.921476,52.196386
2230,523,714,2024-02-19 21:21:08,20.921318,52.197293
2231,105,770,2024-02-19 15:12:04,20.920124,52.196674
2232,717,66,2024-02-19 22:06:33,20.924477,52.193535
2233,523,017,2024-02-16 17:00:10,20.920546,52.196556
2234,105,09,2024-02-19 20:03:49,20.921776,52.196358
2235,136,4,2024-02-19 22:06:21,21.052818,52.146008
2236,171,453,2024-02-19 22:06:28,20.923414,52.26413
2237,171,4,2024-02-15 00:59:59,20.92017,52.19669
2238,171,6,2024-02-19 22:06:32,20.981052,52.21645
2239,716,63,2024-02-19 22:06:33,20.9308001,52.2249919
2240,191,4,2024-02-19 22:06:32,20.919626,52.197666
2241,184,6,2024-02-19 16:39:15,20.920748,52.196496
2242,523,7,2024-02-19 22:06:33,21.092037,52.249805
2243,190,9,2024-02-19 22:06:33,21.085802,52.303577
2244,184,010,2024-02-19 19:53:57,20.921348,52.196415
2246,184,3,2024-02-19 22:06:33,20.9428792,52.2463632
2247,401,024,2024-02-19 20:04:30,20.922431,52.197086
2248,191,6,2024-02-19 22:06:33,20.8867035,52.1896726
2249,105,010,2024-02-19 19:07:33,20.920935,52.196531
2250,717,069,2024-02-19 20:20:46,20.921124,52.196483
2251,517,10,2024-02-19 22:06:32,21.0358666,52.2252256
2252,184,6,2024-02-19 22:06:32,20.93754,52.287487
2253,713,1,2024-02-19 22:06:23,20.920031,52.196536
2254,188,013,2024-02-19 20:08:34,20.922525,52.197073
2255,401,5,2024-02-19 22:06:32,20.949272,52.192104
2256,177,09,2024-02-19 20:42:56,20.922931,52.196063
2257,136,015,2024-02-19 22:06:32,21.052725,52.146061
2258,187,12,2024-02-19 22:06:32,20.9359795,52.2008951
2259,187,7,2024-02-19 22:06:31,21.0472971,52.2123109
25181,L22,2,2024-02-19 22:06:32,21.2869448,52.122531
25183,L20,1,2024-02-19 22:06:30,21.4637746,52.1330001
25184,L22,2,2024-02-19 19:16:41,21.0781026,52.2679796
25185,L22,1,2024-02-19 18:39:45,21.4027165,52.2014425
25188,L51,1,2024-02-19 22:06:29,21.2574466,52.0862539
25189,L22,03,2024-02-19 17:55:17,21.2444601,52.0828768
3400,140,04,2024-02-19 19:50:16,21.048503,52.264645
3401,190,2,2024-02-19 21:50:35,21.0439208,52.2655066
3402,190,3,2024-02-19 22:06:32,20.9008001,52.2391128
3403,340,03,2024-02-19 18:57:25,21.0471951,52.2646691
3404,122,011,2024-02-19 22:06:31,21.0465903,52.2649521
3405,738,4,2024-02-19 22:06:38,21.1960048,52.4035313
3406,190,5,2024-02-19 22:06:32,20.9256553,52.234078
3407,500,5,2024-02-19 22:06:29,21.0416766,52.3003493
3408,705,1,2024-02-19 22:06:33,21.04775,52.2644948
3409,511,3,2024-02-19 22:06:28,20.9392768,52.3008683
3410,112,6,2024-02-19 22:06:31,21.0008773,52.2899793
3411,112,8,2024-02-19 22:06:30,21.0467283,52.2648125
3412,145,10,2024-02-19 22:06:30,21.0483683,52.2643793
3413,162,3,2024-02-19 22:06:31,21.0484296,52.2646172
3414,190,018,2024-02-19 22:04:51,21.0473828,52.2633221
3415,340,02,2024-02-19 18:39:36,21.046318,52.265073
3416,145,4,2024-02-19 21:48:35,21.045428,52.265455
3417,140,07,2024-02-19 20:22:42,21.0473321,52.2647551
3418,512,3,2024-02-19 22:06:30,21.0522075,52.2529116
3419,Z26,04,2024-02-19 18:20:35,21.0470561,52.264737
3420,Z26,3,2024-02-19 22:06:31,20.9300549,52.2249078
3421,705,07,2024-02-19 22:06:28,21.0286996,52.3691103
3422,162,2,2024-02-18 10:58:48,21.048532,52.2647508
3423,160,513,2024-02-19 19:32:59,21.0458399,52.2651433
3424,132,07,2024-02-19 19:55:45,21.0472758,52.2632961
3425,527,011,2024-02-19 19:15:29,21.043571,52.265393
3426,723,476,2024-02-19 22:06:29,20.9257791,52.3741658
3427,145,2,2024-02-19 22:06:31,21.089056,52.2449971
3428,138,6,2024-02-19 22:06:28,20.9952871,52.1702138
3429,509,5,2024-02-19 22:06:30,20.9668881,52.3189533
3430,500,6,2024-02-19 22:06:31,21.0419929,52.3003785
3431,190,016,2024-02-19 20:35:39,21.0473398,52.2647466
3432,112,5,2024-02-19 22:06:28,20.9276446,52.2636951
3433,120,6,2024-02-19 22:06:33,21.0584873,52.2666266
3434,160,514,2024-02-19 22:06:33,21.002588,52.233795
3435,140,3,2024-02-19 22:06:32,21.121898,52.361885
3436,731,477,2024-02-19 22:06:31,21.0463853,52.2643858
3437,140,2,2024-02-19 22:06:31,21.0894835,52.3042128
3438,500,6,2024-02-19 20:58:17,21.0477751,52.2647018
3439,723,475,2024-02-19 22:06:30,20.9458121,52.3506945
3440,517,013,2024-02-19 13:05:10,21.047564,52.264299
3441,190,12,2024-02-19 22:06:28,21.0476301,52.2646498
3442,414,09,2024-02-19 21:50:12,21.043703,52.265333
3443,527,010,2024-02-19 19:42:19,21.047811,52.2645415
3444,723,474,2024-02-19 21:32:29,21.0479166,52.2644351
3445,240,04,2024-02-19 19:29:57,21.0477188,52.2645305
3446,500,6,2024-02-19 09:14:59,21.0475738,52.2645696
3447,509,020,2024-02-19 19:56:52,21.047778,52.264695
3448,160,516,2024-02-19 17:29:07,21.0460183,52.264761
3449,511,06,2024-02-19 18:08:03,21.0471091,52.264708
3450,132,3,2024-02-19 22:06:30,21.0024426,52.2904553
3451,245,3,2024-02-19 22:06:31,21.1256449,52.2797479
3452,511,4,2024-02-19 22:06:32,20.9611656,52.3350676
3453,731,732,2024-02-19 20:25:03,21.0474493,52.2647588
3454,509,2,2024-02-19 22:06:29,21.0470878,52.2637555
3455,723,01,2024-02-19 18:16:07,21.0456451,52.2644091
3456,120,09,2024-02-19 19:53:44,21.0470788,52.2648468
3457,509,4,2024-02-19 22:06:29,20.9483548,52.3403976
3458,102,09,2024-02-19 19:55:54,21.0472773,52.2635533
3459,145,8,2024-02-19 20:10:20,21.047211,52.264893
3460,509,3,2024-02-19 12:22:42,21.0483485,52.2642795
3461,735,63,2024-02-19 22:06:30,21.0187261,52.4395151
3462,112,1,2024-02-19 22:06:30,21.0822785,52.3044036
3463,116,431,2024-02-19 22:06:31,20.955331,52.276115
3464,500,7,2024-02-19 22:06:28,21.0372743,52.2683133
3465,132,07,2024-02-17 00:59:37,21.0437506,52.2655878
3466,509,1,2024-02-19 22:06:30,21.0470083,52.2637296
3467,190,015,2024-02-19 19:59:05,21.0457618,52.26516
3468,340,01,2024-02-19 18:39:52,21.0468651,52.2647271
3469,517,012,2024-02-19 09:20:08,21.0462866,52.265096
35131,L-5,1,2024-02-19 22:06:33,20.9161639,52.0589136
35132,L-5,2,2024-02-19 22:06:31,21.0035876,52.053089
35133,L-2,683,2024-02-19 21:29:13,21.0267656,52.0731843
35134,L13,689,2024-02-18 20:20:47,21.0353768,52.0834745
35135,L25,02,2024-02-19 22:06:34,21.199604,51.98361
35136,L25,1,2024-02-19 22:06:20,21.1791805,51.976427
35137,L12,683,2024-02-19 20:18:34,21.0351385,52.0833236
35138,L13,688,2024-02-18 00:05:53,21.0346806,52.0832128
35139,L-2,684,2024-02-19 22:04:34,21.0345548,52.0832355
35140,L12,782,2024-02-19 20:26:36,21.0353098,52.0834248
35141,L12,684,2024-02-19 22:05:28,21.0353245,52.0835826
35155,L13,03,2024-02-19 18:36:45,21.0350705,52.0835535
35159,L13,04,2024-02-19 20:35:17,21.0334421,52.0831806
4200,178,3,2024-02-19 21:47:39,20.920765,52.196781
4201,207,3,2024-02-19 22:06:29,20.90634,52.192783
4202,149,04,2024-02-19 19:25:17,20.92222,52.196468
4203,249,2,2024-02-19 21:44:00,20.9223669,52.1964475
4204,208,591,2024-02-19 22:06:32,20.9638177,52.2079476
4205,129,4,2024-02-19 22:06:32,20.9273224,52.2340042
4206,178,6,2024-02-19 22:06:33,20.8958437,52.1856871
4207,207,2,2024-02-19 22:06:32,20.870527,52.1833032
4208,178,5,2024-02-19 22:06:33,20.918346,52.196987
4209,714,04,2024-02-19 16:05:26,20.920637,52.196831
4210,249,676,2024-02-19 21:57:34,20.922155,52.196418
4211,207,06,2024-02-19 20:40:30,20.92041,52.196915
4212,129,1,2024-02-19 21:33:34,20.9216401,52.196622
4213,714,04,2024-02-19 19:55:13,20.922297,52.196487
4214,207,4,2024-02-19 22:06:33,20.8930299,52.2004227
4215,154,4,2024-02-19 22:06:31,20.965994,52.218109
4216,714,3,2024-02-19 22:06:33,20.9137969,52.2377757
4217,122,015,2024-02-19 19:44:33,20.922087,52.196484
4218,178,7,2024-02-19 22:06:32,20.967889,52.2288239
4219,154,3,2024-02-19 22:06:32,20.9808807,52.1914525
4220,N95,193,2024-02-19 22:06:32,20.9222454,52.1965049
4221,178,2,2024-02-19 22:06:32,20.9144389,52.1999154
4223,154,05,2024-02-19 21:38:12,20.920132,52.197005
4224,729,1,2024-02-19 22:06:33,20.7437397,52.2821985
4225,714,1,2024-02-19 22:06:32,20.838772,52.254429
4226,178,4,2024-02-19 20:55:42,20.922012,52.19651
4227,N01,5,2024-02-19 12:46:27,20.9193744,52.1967807
4228,714,1,2024-02-19 20:27:08,20.9184727,52.1968239
4229,178,1,2024-02-19 21:40:37,20.922302,52.196499
4230,N01,5,2024-02-19 12:19:30,20.920242,52.196899
4231,178,010,2024-02-19 15:19:19,20.6901581,52.2135047
4232,154,1,2024-02-19 22:06:32,20.9219187,52.1965369
4233,122,9,2024-02-19 22:06:32,20.97646,52.289936
4234,178,5,2024-02-19 21:16:01,20.920511,52.196873
4235,714,2,2024-02-19 22:06:33,20.9209647,52.1967539
4236,255,3,2024-02-19 22:06:32,20.931047,52.225319
4237,122,4,2024-02-19 22:06:32,20.920538,52.249069
4238,178,4,2024-02-19 19:43:35,20.920372,52.196888
4239,154,2,2024-02-19 22:06:33,20.944012,52.175598
4240,255,1,2024-02-19 22:06:32,20.921818,52.196594
4241,197,1,2024-02-19 21:02:40,20.920475,52.196861
4242,122,2,2024-02-19 22:06:32,20.8964722,52.2352361
4243,122,015,2024-02-19 21:13:32,20.6900804,52.213553
4244,197,4,2024-02-19 21:31:52,20.920904,52.196777
4245,N44,2,2024-02-19 22:06:32,20.921894,52.196941
4246,129,2,2024-02-19 22:06:33,20.92168,52.19659
4247,154,4,2024-02-19 19:29:25,20.920605,52.196831
4248,122,679,2024-02-19 21:00:35,20.921814,52.196621
4249,129,4,2024-02-19 17:33:44,20.920309,52.196865
4300,146,08,2024-02-19 21:29:32,21.114921,52.234434
4301,173,1,2024-02-19 21:28:32,21.1163987,52.2331269
4302,153,3,2024-02-19 22:06:33,21.1597729,52.2579249
4303,146,4,2024-02-19 22:06:33,21.2046512,52.1594724
4304,115,1,2024-02-19 22:06:33,21.156561,52.2399721
4305,146,5,2024-02-19 22:06:33,21.1122339,52.2056969
4306,115,2,2024-02-19 07:25:41,21.1177012,52.2341282
4307,168,08,2024-02-19 18:35:31,21.1171518,52.2331098
4308,319,07,2024-02-19 19:43:43,21.1167102,52.2331517
4309,115,3,2024-02-19 22:06:33,21.2215224,52.1672327
4310,319,04,2024-02-19 19:08:29,21.117035,52.233026
4311,168,6,2024-02-19 22:06:33,21.0000604,52.188958
4312,173,011,2024-02-19 22:06:13,21.116078,52.23507
4313,142,07,2024-02-19 19:28:23,21.116803,52.23313
4314,146,09,2024-02-19 22:06:33,21.0526074,52.249838
4315,702,03,2024-02-19 22:06:33,21.26289,52.1080599
4316,168,09,2024-02-19 20:28:21,21.115853,52.233298
4317,117,1,2024-02-19 22:06:33,21.0043992,52.2300352
4318,183,2,2024-02-19 22:06:33,21.1345514,52.2413522
4319,319,02,2024-02-19 16:10:51,21.117181,52.233036
4320,147,4,2024-02-19 22:06:32,21.2222684,52.2177997
4321,N21,2,2024-02-19 22:06:33,21.1177034,52.2334522
4322,119,3,2024-02-19 22:06:31,21.2055636,52.2100977
4323,702,1,2024-02-19 22:06:32,21.1177045,52.2343945
4324,173,1,2024-02-16 04:49:49,21.1157005,52.2343606
4325,146,07,2024-02-19 19:42:32,21.11672,52.233166
4326,168,1,2024-02-19 22:06:33,21.1126792,52.2363249
4327,319,02,2024-02-19 21:04:46,21.117281,52.2330079
4328,146,1,2024-02-19 22:06:33,21.0522789,52.2503316
4329,319,09,2024-02-19 20:12:41,21.116841,52.233293
4330,729,02,2024-02-19 20:25:54,20.922015,52.196514
4331,197,5,2024-02-19 22:06:33,20.9504949,52.2809601
4332,249,678,2024-02-19 22:06:33,20.9198872,52.19743
4333,160,283,2024-02-19 22:06:33,21.0581369,52.3003179
4334,220,295,2024-02-19 22:06:32,20.9250554,52.2607372
4335,197,1,2024-02-19 22:06:32,20.9298912,52.2249137
4336,129,3,2024-02-19 22:06:32,20.8976126,52.1973285
4337,197,2,2024-02-19 22:06:33,20.9389414,52.2470429
4338,122,7,2024-02-19 22:06:30,20.9862985,52.2795485
4339,255,2,2024-02-19 22:06:33,20.9609637,52.2280934
4400,117,06,2024-02-19 22:06:32,21.0442601,52.2658319
4401,181,3,2024-02-19 22:06:30,20.900019,52.297276
4402,134,3,2024-02-19 22:06:31,21.054024,52.346169
4403,166,343,2024-02-19 22:06:33,21.045521,52.185223
4404,123,5,2024-02-19 22:06:32,21.0512969,52.2525202
4405,156,226,2024-02-19 22:06:32,21.053766,52.274162
4406,169,4,2024-02-19 20:39:05,21.048194,52.264151
4407,134,05,2024-02-19 20:38:42,21.0449574,52.2646384
4408,197,6,2024-02-19 22:06:30,20.9450542,52.2390957
4409,197,7,2024-02-19 22:06:33,20.9307781,52.2251176
4410,169,2,2024-02-19 22:06:32,21.0418636,52.3002681
4411,134,2,2024-02-19 22:06:32,20.9681752,52.2719137
4412,123,08,2024-02-19 21:15:49,21.0446002,52.2648301
4413,173,8,2024-02-19 22:06:32,21.26498,52.24754
4414,156,5,2024-02-19 22:06:33,21.0426982,52.2660052
4415,173,10,2024-02-19 22:06:33,21.095181,52.24379
4416,166,343,2024-02-19 13:34:15,21.048281,52.26421
4417,122,012,2024-02-19 20:09:37,21.044258,52.265038
4418,178,013,2024-02-19 20:15:33,21.04414,52.265034
4419,197,08,2024-02-19 19:31:53,21.04443,52.26487
4420,126,1,2024-02-19 14:40:09,21.0472292,52.2641727
4421,170,212,2024-02-19 22:06:33,21.0829824,52.2720349
4422,156,2,2024-02-19 22:06:33,21.064377,52.273438
4423,134,04,2024-02-19 21:36:45,21.043524,52.266182
4424,120,227,2024-02-19 22:06:32,21.0635094,52.3110689
4425,134,1,2024-02-19 22:06:32,21.0515992,52.3050782
4426,156,3,2024-02-19 22:06:33,21.0065769,52.2914447
4427,173,2,2024-02-19 22:06:30,21.046743,52.259979
4428,156,06,2024-02-19 20:54:33,21.042255,52.266155
4429,123,07,2024-02-19 20:32:15,21.044195,52.265099
4430,122,10,2024-02-19 22:06:32,20.960886,52.259285
4431,122,1,2024-02-19 22:06:32,20.921715,52.249542
4432,166,2,2024-02-19 22:06:19,21.067238,52.129784
4433,122,013,2024-02-19 20:18:15,21.043568,52.266113
4434,197,6,2024-02-19 17:50:04,21.045538,52.264492
5201,521,5,2024-02-19 20:27:42,20.9220795,52.1962175
5202,105,4,2024-02-19 22:06:25,20.9006268,52.2389405
5203,124,1,2024-02-19 22:06:28,20.9418547,52.1736512
5204,728,02,2024-02-19 21:33:23,20.922466,52.196138
5205,414,02,2024-02-16 21:17:18,20.9194515,52.1963627
5206,184,493,2024-02-19 22:06:27,20.9390963,52.2785103
5207,716,62,2024-02-19 22:06:28,20.8362499,52.1928942
5208,136,9,2024-02-19 22:06:24,20.9556922,52.23794
5209,186,019,2024-02-19 20:41:02,20.9199897,52.1965265
5210,733,710,2024-02-19 05:12:08,20.920211,52.195623
5211,706,1,2024-02-19 22:06:27,20.9184179,52.139081
5212,401,010,2024-02-19 19:16:31,20.92144,52.196421
5213,414,04,2024-02-19 21:45:16,20.922081,52.196021
5214,177,07,2024-02-19 20:10:16,20.9218742,52.1962344
5215,517,3,2024-02-19 22:03:48,20.9223447,52.195941
5216,414,02,2024-02-19 21:14:56,20.9218524,52.1957939
5217,713,3,2024-02-19 20:38:09,20.9222435,52.1961525
5218,172,010,2024-02-19 19:56:10,20.9218184,52.1962808
5219,188,5,2024-02-19 22:05:48,20.9226048,52.1970311
5220,401,028,2024-02-19 19:32:22,20.9213463,52.1964192
5221,188,6,2024-02-19 22:06:26,20.9782882,52.1694308
5222,523,8,2024-02-19 22:06:28,21.0438792,52.2242481
5223,523,10,2024-02-19 22:06:27,20.9596792,52.2202147
5224,182,8,2024-02-19 22:06:28,20.9650885,52.218156
5225,184,5,2024-02-17 10:51:01,20.920666,52.196599
5226,717,65,2024-02-19 22:06:31,20.8287897,52.192948
5227,517,2,2024-02-19 22:06:29,20.980626,52.216498
5228,187,4,2024-02-19 20:38:05,20.9221309,52.1961929
5229,136,7,2024-02-19 22:06:30,21.0037072,52.1725483
5230,172,6,2024-02-19 22:06:24,20.979113,52.201811
5232,523,11,2024-02-19 16:48:03,20.9223173,52.1971337
5234,105,011,2024-02-19 09:14:34,20.9205462,52.19747
5236,401,012,2024-02-19 20:35:31,20.9222921,52.1961724
5237,ZA1,02,2024-02-19 15:22:39,20.920431,52.196609
5238,191,3,2024-02-19 22:06:31,20.956064,52.214348
5239,105,2,2024-02-19 22:06:33,20.9091269,52.2182443
5240,182,1,2024-02-19 22:06:25,21.1049341,52.2372963
5241,187,9,2024-02-19 22:06:17,21.060674,52.189504
5242,716,61,2024-02-19 22:06:29,20.8708954,52.2055901
5243,717,64,2024-02-19 15:31:43,20.9202849,52.1965956
5244,184,3,2024-02-19 11:44:13,20.9196643,52.1969976
5245,517,015,2024-02-19 17:09:08,20.9205376,52.1974503
5246,177,675,2024-02-19 22:06:31,20.9005835,52.2392383
5247,523,5,2024-02-19 22:03:07,20.922178,52.196019
5248,136,5,2024-02-19 22:06:26,21.0531185,52.1461651
5249,188,2,2024-02-19 22:06:25,20.9780335,52.1820456
5250,105,011,2024-02-19 20:11:17,20.922091,52.196413
5251,719,4,2024-02-19 22:06:33,20.9139889,52.2374699
5252,105,1,2024-02-19 22:06:31,20.9219989,52.1961105
5253,517,6,2024-02-19 22:06:31,20.9137762,52.1994131
5254,191,5,2024-02-19 22:06:28,20.8703263,52.1835303
5255,401,3,2024-02-19 22:06:28,20.8629149,52.1903702
5257,187,10,2024-02-19 21:48:07,20.9200926,52.196525
5258,317,07,2024-02-19 21:56:38,20.9226058,52.1956092
5259,184,5,2024-02-19 21:30:41,20.922521,52.196084
5260,401,4,2024-02-19 18:21:03,20.9191648,52.1970529
5401,138,1,2024-02-19 22:06:33,21.04825,52.263474
5402,132,2,2024-02-19 22:06:32,20.9686469,52.2720101
5403,527,519,2024-02-19 22:06:32,21.0465939,52.2645004
5404,509,3,2024-02-19 22:06:33,20.9718231,52.3210156
5405,120,5,2024-02-19 22:06:31,21.040964,52.250442
5406,112,3,2024-02-19 22:06:33,21.014851,52.293774
5407,112,2,2024-02-19 22:06:33,20.9209434,52.2581902
5408,145,4,2024-02-19 21:26:52,21.0484812,52.264539
5409,738,3,2024-02-19 22:06:31,21.128698,52.351898
5411,102,547,2024-02-19 21:37:48,21.0479134,52.2646575
5412,509,8,2024-02-19 22:06:33,21.028616,52.256962
5413,500,1,2024-02-19 22:06:30,20.9840396,52.2549455
5414,511,07,2024-02-19 18:24:42,21.047136,52.264679
5415,518,6,2024-02-19 22:06:30,21.007898,52.247982
5416,160,517,2024-02-19 22:06:32,21.046698,52.282379
5417,N25,1,2024-02-19 22:06:30,21.021725,52.249222
5418,509,12,2024-02-19 22:06:31,21.095171,52.227287
5419,162,1,2024-02-19 22:06:32,21.029665,52.261497
5420,132,5,2024-02-19 22:06:33,21.059265,52.316956
5421,723,731,2024-02-19 20:10:24,21.0478404,52.264495
5423,414,08,2024-02-19 21:28:36,21.043818,52.266075
5424,132,08,2024-02-19 22:06:23,21.02324,52.297305
5425,509,247,2024-02-19 22:06:33,21.0478365,52.2639092
5426,500,3,2024-02-19 22:06:33,21.050682,52.291107
5427,132,06,2024-02-19 19:48:41,21.0475137,52.264495
5428,145,6,2024-02-19 22:06:32,21.0413905,52.2652769
5429,511,2,2024-02-19 22:06:32,21.0471565,52.263754
5430,190,11,2024-02-19 21:43:49,21.0443714,52.2655999
5431,160,516,2024-02-19 22:01:44,21.046043,52.265194
5432,735,61,2024-02-18 07:15:43,21.0446386,52.2654952
5433,132,08,2024-02-19 22:06:33,21.022406,52.285854
5434,340,06,2024-02-19 15:07:02,21.047474,52.264587
5435,511,1,2024-02-19 22:06:33,20.94285,52.3487409
5436,112,2,2024-02-19 21:29:38,21.04566,52.265266
5437,190,8,2024-02-19 19:30:07,21.0467964,52.2649379
5438,120,8,2024-02-19 22:06:33,21.0543514,52.3247214
5439,738,5,2024-02-19 22:06:32,21.199585,52.4109
5440,527,011,2024-02-19 16:29:46,21.044464,52.265675
5441,160,716,2024-02-19 21:45:45,21.0467379,52.2649856
5442,199,2,2024-02-19 22:06:33,21.140667,52.283878
5443,731,478,2024-02-19 22:06:32,20.999445,52.29398
5444,512,4,2024-02-19 22:06:32,21.0453679,52.2653812
5445,527,515,2024-02-19 22:06:32,21.057209,52.322689
5446,199,05,2024-02-19 21:14:31,21.04851,52.264652
5447,512,2,2024-02-19 22:06:29,21.071318,52.289692
5448,160,715,2024-02-19 19:13:23,21.048454,52.2645
5449,517,018,2024-02-19 15:43:41,21.0459482,52.2651397
5450,731,499,2024-02-19 22:06:30,20.937737,52.394787
5451,509,14,2024-02-19 22:06:33,21.091898,52.225117
5452,190,3,2024-02-19 20:12:20,21.044646,52.26534
5453,120,4,2024-02-19 22:06:33,21.035591,52.254955
5454,120,3,2024-02-19 21:44:49,21.047976,52.264557
5455,120,2,2024-02-19 21:53:53,21.043226,52.265633
5456,190,1,2024-02-19 22:06:32,21.0854059,52.3050979
5457,731,479,2024-02-19 22:06:31,20.968376,52.326309
5458,245,1,2024-02-19 19:27:40,21.0473642,52.2645656
5459,240,3,2024-02-19 19:25:58,21.046919,52.264919
5460,731,470,2024-02-19 19:12:56,21.046099,52.265053
5870,175,408,2024-02-19 22:06:32,20.989473,52.220913
5871,175,407,2024-02-19 22:06:20,20.977689,52.168841
5872,503,1,2024-02-19 22:06:29,21.0481445,52.1556534
5873,175,411,2024-02-19 20:59:07,20.998011,52.187218
5875,503,12,2024-02-19 22:06:05,20.998074,52.187172
5876,128,704,2024-02-19 21:39:57,20.998056,52.187125
5877,175,708,2024-02-19 20:34:47,20.997966,52.187274
5878,503,6,2024-02-19 22:06:29,21.0446,52.1921
5879,504,220,2024-02-19 22:06:33,21.0687,52.1289
5880,128,333,2024-02-19 22:06:28,21.0191759,52.2337982
5881,127,3,2024-02-19 21:26:15,20.997983,52.186978
5882,503,11,2024-02-19 22:06:29,21.026834,52.211582
5883,128,704,2024-02-19 12:10:48,20.99801,52.186841
5884,519,6,2024-02-19 22:06:32,21.030504,52.206615
5885,128,402,2024-02-19 22:06:32,21.012144,52.243282
5886,519,7,2024-02-19 22:06:26,20.996913,52.186816
5887,519,5,2024-02-19 21:35:10,20.997979,52.187206
5888,503,3,2024-02-19 22:06:32,21.049906,52.144627
5889,127,2,2024-02-19 22:06:32,20.933231,52.201996
5890,N31,334,2024-02-16 10:14:44,20.9952,52.186891
5891,127,9,2024-02-19 22:06:31,20.896313,52.202263
5892,128,400,2024-02-19 22:06:31,20.97925,52.201847
5893,175,405,2024-02-19 22:06:31,20.984972,52.20097
5894,127,6,2024-02-19 22:06:19,20.998075,52.186793
5896,128,334,2024-02-19 22:06:30,20.990198,52.216125
5897,128,703,2024-02-19 20:49:18,20.998026,52.186928
5898,503,10,2024-02-19 22:06:33,21.004196,52.250069
5899,519,8,2024-02-19 22:06:33,21.022869,52.179325
5900,116,4,2024-02-19 22:06:31,21.023989,52.224499
5901,116,5,2024-02-19 22:06:22,21.046246,52.190711
5902,128,401,2024-02-19 22:06:31,20.9881,52.2248
5903,151,07,2024-02-19 19:47:12,21.117073,52.233859
5904,507,09,2024-02-19 21:34:44,21.11625,52.23483
5905,175, ,2024-02-19 19:42:52,21.116959,52.233843
5906,158,3,2024-02-19 22:06:29,21.118256,52.234428
5907,111,013,2024-02-19 18:08:32,21.116838,52.233898
5908,158,2,2024-02-19 22:06:28,20.971231,52.220207
5909,128,412,2024-02-19 15:30:34,21.114336,52.234993
5910,180,017,2024-02-19 20:50:27,21.116896,52.234029
5911,175,706,2024-02-19 20:53:20,21.116745,52.233878
5912,180,015,2024-02-19 22:06:33,21.0061372,52.2487222
5913,180,433,2024-02-18 13:42:16,21.116523,52.23396
5914,111,8,2024-02-19 21:30:12,21.116743,52.234021
5915,175,409,2024-02-19 22:06:25,21.018189,52.2361467
5916,180,13,2024-02-19 22:06:28,20.9249,52.2724
5917,116,433,2024-02-19 22:06:33,20.989397,52.265575
5919,175,706,2024-02-19 21:04:28,21.116436,52.233951
5920,503,8,2024-02-19 22:06:31,21.002306,52.254776
5921,111,2,2024-02-19 22:06:30,20.97938,52.24445
5922,116,15,2024-02-19 22:06:29,20.924921,52.272305
5923,175,410,2024-02-19 22:01:04,21.116283,52.233923
5924,158,8,2024-02-19 09:11:22,21.115903,52.234083
5925,503,2,2024-02-19 22:06:23,21.116174,52.233956
5926,180,7,2024-02-19 20:29:54,21.116163,52.234068
5927,116,3,2024-02-19 22:06:22,21.116176,52.234006
5928,116,8,2024-02-19 22:06:29,21.0765,52.1763
5929,503,4,2024-02-19 21:32:34,21.116048,52.233986
5930,111,5,2024-02-19 22:06:28,21.102427,52.222088
5931,116,12,2024-02-19 22:06:30,20.94034,52.277744
5932,111,4,2024-02-19 22:06:30,21.084547,52.227921
5933,116,17,2024-02-19 22:06:31,20.989138,52.265854
5934,128,412,2024-02-19 22:06:29,20.971548,52.205921
5935,128,404,2024-02-19 21:49:03,21.115911,52.233951
5936,111,7,2024-02-19 19:39:15,21.11589,52.234128
5937,175,403,2024-02-19 22:06:28,21.020279,52.23167
5938,128,707,2024-02-19 19:53:33,21.115733,52.234135
5939,111,4,2024-02-18 14:25:20,21.115761,52.234031
5940,180,5,2024-02-19 22:06:32,21.117668,52.234695
5941,180,10,2024-02-19 22:06:30,21.005701,52.248863
5942,128,701,2024-02-19 21:13:24,21.115619,52.234141
5943,507,012,2024-02-19 19:48:55,21.115474,52.23405
5944,180,438,2024-02-19 22:06:33,21.0714,52.1795
5945,116,6,2024-02-19 22:06:30,21.053013,52.184277
5946,116,2,2024-02-19 16:01:58,21.115466,52.234189
5947,175,702,2024-02-19 19:51:00,21.115331,52.23409
5948,180,5,2024-02-19 08:32:09,21.115351,52.234166
5949,111,10,2024-02-19 19:32:03,21.115294,52.234098
5950,116,10,2024-02-15 11:18:32,21.047048,52.265266
5951,127,7,2024-02-19 22:06:33,21.011942,52.229572
5953,503,014,2024-02-19 22:06:32,21.04743,52.265144
5954,518,7,2024-02-19 22:06:29,21.020329,52.232067
5955,180,11,2024-02-19 20:01:04,21.045946,52.265504
5956,518,5,2024-02-19 22:06:32,20.962,52.3151
5957,503,013,2024-02-19 20:03:39,21.046448,52.265371
5958,111,011,2024-02-19 19:22:35,21.046023,52.265468
5959,116,14,2024-02-19 22:06:32,20.965374,52.273991
5960,518,08,2024-02-19 22:00:40,21.046579,52.265349
5961,180,14,2024-02-19 22:06:31,20.956228,52.261223
5962,127,1,2024-02-19 20:13:41,21.048188,52.264966
5963,518,3,2024-02-19 21:25:49,21.045231,52.265746
5964,518,1,2024-02-19 22:06:31,21.045815,52.265596
5965,116,11,2024-02-19 16:33:49,21.04532,52.265693
5966,180,12,2024-02-19 22:06:30,20.959272,52.259857
5967,111,1,2024-02-19 22:06:31,21.0463562,52.2641644
5968,127,010,2024-02-19 22:06:30,21.005754,52.256016
5969,180,9,2024-02-19 10:56:11,21.043793,52.265673
5970,145,015,2024-02-19 20:52:00,21.048326,52.264883
5971,503,013,2024-02-19 11:47:48,21.046661,52.265261
5972,127,M7,2024-02-19 07:25:31,21.04708,52.264358
5973,111,011,2024-02-19 14:07:33,21.047454,52.265058
5974,128,406,2024-02-19 10:15:48,21.043713,52.26567
5975,180,016,2024-02-19 22:06:29,21.084066,52.167709
5976,111,3,2024-02-19 22:06:30,21.018337,52.235909
5977,116,2,2024-02-19 21:30:11,21.048159,52.265011
5978,127, ,2024-02-16 22:21:23,21.045433,52.265668
5979,180,9,2024-02-19 22:06:29,21.026594,52.214008
5980,116,7,2024-02-19 22:06:30,21.08386,52.168045
5981,N43,2,2024-02-19 22:06:30,21.046442,52.264938
5982,111,6,2024-02-19 15:00:20,21.045646,52.265549
5983,518,2,2024-02-19 22:06:30,20.972202,52.320583
5984,518,09,2024-02-19 19:15:37,21.046413,52.265388
5985,116,11,2024-02-19 22:06:29,21.037447,52.199387
5986,518,011,2024-02-19 19:15:47,21.046266,52.265413
5987,116, ,2024-02-19 22:06:31,20.982725,52.254269
5988,116,13,2024-02-19 22:06:23,21.046776,52.265329
5989,111,011,2024-02-19 13:09:28,21.044738,52.265956
5990,503,5,2024-02-19 22:06:13,21.046968,52.265243
5991,180, ,2024-02-19 16:53:18,21.044827,52.265797
5992,180,1,2024-02-19 20:35:39,21.045223,52.265708
5993,127,4,2024-02-19 22:06:30,20.996861,52.226868
5994,503,9,2024-02-19 22:06:29,21.040523,52.266268
5995,180,9,2024-02-19 11:46:03,21.04597,52.265444
5996,175,406,2024-02-19 22:06:31,20.978127,52.16964
5997,518,4,2024-02-19 22:06:29,20.984432,52.307114
5998,116,2,2024-02-19 13:03:21,21.045643,52.265564
5999,116,10,2024-02-19 22:06:30,21.046486,52.190495
60051,L18,2,2024-02-15 18:20:53,20.805536,52.2194103
60052,L18,2,2024-02-16 20:00:48,20.7207131,52.0819968
60053,L18,03,2024-02-19 17:50:28,20.842402,52.249862
60054,L18,2,2024-02-19 22:06:29,20.8128974,52.3127763
60055,L18,1,2024-02-19 22:06:31,20.845767,52.2511685
60056,L29,1,2024-02-19 22:06:30,20.5417968,52.2582735
60057,L-6,1,2024-02-19 22:04:56,20.7953208,52.254807
60058,L-7,2,2024-02-19 18:38:58,20.805611,52.2193243
60059,L-6,02,2024-02-19 19:51:37,20.8713743,52.1977113
60060,L-7,1,2024-02-19 19:43:04,20.8055595,52.2193386
6200,105,08,2024-02-19 21:21:39,20.921571,52.196351
6201,191,2,2024-02-19 22:06:33,20.983841,52.2181867
6202,401,2,2024-02-19 22:06:31,20.8964126,52.1954709
6203,ZA1,01,2024-02-19 21:09:09,20.921249,52.196472
6204,177,4,2024-02-19 19:12:27,20.9202135,52.1970744
6205,711,709,2024-02-16 06:55:59,20.919483,52.196854
6206,401,4,2024-02-19 22:06:21,20.896235,52.195133
6207,171,4,2024-02-19 22:06:33,20.9879737,52.2402552
6208,187,1,2024-02-19 22:06:32,20.920292,52.197369
6209,414,05,2024-02-19 15:34:22,20.918913,52.196706
6210,177,1,2024-02-19 22:06:32,20.913368,52.238701
6212,711,710,2024-02-19 22:06:33,20.8001455,52.0909509
6213,141,205,2024-02-19 22:06:32,20.948334,52.180096
6214,186,018,2024-02-19 17:57:51,20.922413,52.197113
6215,716,61,2024-02-19 14:22:18,20.9195179,52.1969854
6216,517,1,2024-02-19 21:42:46,20.922939,52.195976
6217,171,452,2024-02-19 22:06:33,20.92185,52.197018
6218,177,08,2024-02-19 22:06:30,20.9223351,52.1962296
6219,188,1,2024-02-19 22:06:32,20.9222649,52.1962414
6220,148,012,2024-02-19 22:03:40,20.9218642,52.1963972
6221,717,068,2024-02-19 21:35:52,20.921597,52.19643
6222,184,09,2024-02-19 20:56:26,20.9211194,52.1964947
6223,401,025,2024-02-19 19:39:36,20.920467,52.196445
6224,401,013,2024-02-19 19:02:19,20.9224329,52.1970979
6225,717,068,2024-02-16 07:31:18,20.920118,52.196665
6226,401,9,2024-02-19 21:50:05,20.922791,52.195843
6227,105,5,2024-02-19 22:06:16,20.901291,52.216936
6228,523,023,2024-02-19 22:06:32,20.922085,52.196117
6229,517,7,2024-02-19 22:06:33,20.9888877,52.2251432
6230,733,507,2024-02-19 22:06:33,20.922081,52.196262
6231,713,04,2024-02-19 21:50:23,20.9216724,52.19643
6232,186,016,2024-02-19 12:58:48,20.918614,52.196551
6234,186,016,2024-02-19 22:06:32,20.92172,52.196972
6235,706,03,2024-02-19 21:06:27,20.921404,52.197342
6236,523,14,2024-02-19 22:06:32,20.9217354,52.19582
6237,Z26,2,2024-02-18 08:05:04,20.9197199,52.1969677
6238,743,05,2024-02-19 22:06:30,20.86017,52.227966
6239,706,2,2024-02-19 22:06:33,20.9434977,52.1755187
6240,177,3,2024-02-19 22:06:27,20.8676474,52.1974059
6241,186,017,2024-02-19 21:26:51,20.921501,52.196449
6242,124,2,2024-02-19 22:06:33,20.965071,52.153015
6243,713,05,2024-02-19 22:06:32,20.922256,52.196068
6244,414,03,2024-02-19 22:06:30,20.9222627,52.1960794
70001,L39,4,2024-02-19 22:06:03,21.0242258,52.061968
70002,L39,3,2024-02-19 22:04:40,21.0536051,52.1005265
70004,L39,2,2024-02-19 22:05:32,20.992336,52.1098963
70006,L39,3,2024-02-19 17:16:33,21.035022,52.0828601
70007,L52,1,2024-02-19 22:04:54,21.034455,52.0834306
70008,L39,2,2024-02-17 23:51:05,21.0353186,52.0833173
70009,L32,M52,2024-02-17 20:41:23,21.035416,52.0833305
70021,L14,1,2024-02-17 07:44:39,21.0773283,52.2673981
70033,L14,1,2024-02-19 22:06:31,21.0778025,52.2677908
70034,L-3,02,2024-02-19 19:32:54,20.8720526,52.084836
70035,L16,1,2024-02-19 22:06:33,21.1033695,52.0879725
70036,L-3,03,2024-02-19 21:21:01,21.0357943,52.0831563
70041,L24,693,2024-02-21 10:26:23,21.0178212,52.0670423
70042,L-1,2,2024-02-19 22:06:10,20.924799,52.064748
70043,L42,52,2024-02-19 22:05:06,21.1160778,52.1026205
70045,L15,53,2024-02-19 19:26:06,21.0345296,52.0835608
7200,523,11,2024-02-19 22:06:32,20.911964,52.244175
7201,414,05,2024-02-19 22:06:33,20.921238,52.195923
7202,105,012,2024-02-19 19:28:32,20.920912,52.196899
7203,105,6,2024-02-19 22:06:32,20.9208964,52.1974064
7204,189,019,2024-02-19 21:11:12,20.921358,52.195885
7205,401,011,2024-02-19 19:53:42,20.920906,52.196922
7206,141,012,2024-02-19 12:40:58,20.919443,52.196999
7207,517,237,2024-02-19 22:06:33,20.9224872,52.1961394
7208,184,8,2024-02-19 22:06:32,20.9644674,52.2097177
7209,703,506,2024-02-19 22:03:02,20.920782,52.197407
7210,ZA1,03,2024-02-19 19:07:12,20.920383,52.19709
7211,716,067,2024-02-19 19:02:22,20.920994,52.196903
7212,177,6,2024-02-19 22:06:33,20.920803,52.196945
7213,112,10,2024-02-19 22:06:31,20.920944,52.19606
7214,191,7,2024-02-19 22:06:32,20.919815,52.196285
7215,189,020,2024-02-19 16:39:42,20.9193817,52.1976912
7216,703,512,2024-02-19 21:02:20,20.921066,52.197388
7217,189,018,2024-02-19 20:47:18,20.919239,52.196415
7218,189,018,2024-02-17 07:23:10,20.6913844,52.2134392
7220,141,206,2024-02-19 22:06:33,21.1129027,52.2362717
7221,717,64,2024-02-19 22:06:32,20.9676287,52.2190407
7222,189,16,2024-02-19 15:46:01,20.920843,52.19693
7223,728,1,2024-02-19 22:06:33,20.9427475,52.1756959
7224,190,10,2024-02-19 22:06:28,21.044142,52.258938
7225,112,9,2024-02-19 22:06:33,20.896032,52.217659
7226,713,2,2024-02-19 22:06:33,20.851961,52.215523
7227,189,4,2024-02-19 22:06:33,20.903814,52.22826
7228,703,709,2024-02-19 22:06:32,20.9372732,52.1701872
7229,733,01,2024-02-19 22:06:33,20.762928,52.071678
7230,189,024,2024-02-19 20:24:29,20.920616,52.19696
7231,136,2,2024-02-19 22:06:33,20.991852,52.188538
7232,186,018,2024-02-19 20:14:06,20.921675,52.195816
7233,ZA1,02,2024-02-19 19:40:21,20.921093,52.197361
7234,177,4,2024-02-19 22:06:33,20.906816,52.228481
7235,189,6,2024-02-19 20:56:19,20.921429,52.195858
7236,517,239,2024-02-19 22:06:33,20.9074914,52.1924855
7237,189,10,2024-02-19 21:19:22,20.9213277,52.1959176
7238,719,3,2024-02-19 22:06:32,20.9210612,52.1960162
7239,189,2,2024-02-19 20:07:35,20.921595,52.195824
7240,190,13,2024-02-19 22:06:32,20.9665389,52.2370342
7241,189,7,2024-02-19 22:06:27,20.9542832,52.1910527
7242,172,4,2024-02-19 22:06:32,20.9187111,52.1969597
7243,189,4,2024-02-19 17:03:26,20.920803,52.196556
7244,172,7,2024-02-19 22:06:33,21.0516442,52.1855615
7245,177,2,2024-02-19 22:06:30,20.887209,52.206383
7247,719,5,2024-02-19 22:06:32,20.7022607,52.2591292
7248,317,2,2024-02-19 22:06:33,20.9445511,52.1754984
7249,189,11,2024-02-19 22:06:33,21.045786,52.17757
7250,523,13,2024-02-19 20:29:38,20.920809,52.197395
7251,189,13,2024-02-19 22:06:32,21.063538,52.186539
7252,189,15,2024-02-19 22:06:33,20.919142,52.19846
7253,189,16,2024-02-19 22:06:33,20.921146,52.196018
7254,171,5,2024-02-19 20:10:27,20.9204647,52.1970297
7255,190,014,2024-02-19 19:14:18,20.921198,52.197323
7256,184,1,2024-02-19 22:06:33,20.9642071,52.2094894
7257,190,4,2024-02-19 22:06:32,20.913315,52.238033
7258,189,3,2024-02-19 22:06:33,20.8976252,52.2394445
7259,189,022,2024-02-19 17:46:12,20.920614,52.197472
7301,158,4,2024-02-19 22:06:33,21.107388,52.236828
7302,402,013,2024-02-19 20:20:54,21.1159342,52.2338336
7303,507,4,2024-02-19 22:06:33,21.094858,52.224655
7304,199,06,2024-02-19 21:28:07,21.1162089,52.2337107
7305,525,8,2024-02-19 21:48:56,21.1162014,52.2333356
7306,402,010,2024-02-19 19:09:39,21.1171934,52.233354
7307,521,2,2024-02-19 22:06:32,21.090712,52.244667
7308,507,010,2024-02-19 18:21:33,21.1173332,52.2334692
7309,158,7,2024-02-19 20:46:36,21.115639,52.233902
7310,507,3,2024-02-19 22:06:32,21.049429,52.237846
7311,E-1,01,2024-02-19 18:25:16,21.116905,52.233402
7312,199,4,2024-02-19 22:06:33,21.142258,52.275894
7313,182,6,2024-02-19 22:06:32,20.994051,52.216614
7314,502,719,2024-02-19 19:30:23,21.116749,52.233677
7315,202,542,2024-02-19 22:06:30,21.128925,52.2401082
7316,402,3,2024-02-19 22:06:32,21.117586,52.233879
7317,202,546,2024-02-12 19:12:15,21.1142734,52.2348747
7318,102,548,2024-02-19 22:06:33,21.1053664,52.2464262
7319,162,4,2024-02-19 22:06:32,21.083164,52.19083
7320,171,451,2024-02-19 22:06:33,21.0022107,52.2431497
7321,523,15,2024-02-19 21:23:25,21.115221,52.233917
7322,523,2,2024-02-19 22:06:33,20.977047,52.217762
7323,411,04,2024-02-19 19:40:47,21.1163382,52.2333939
7324,158,5,2024-02-19 21:41:30,21.1148334,52.23367
7326,102,545,2024-02-19 22:06:26,21.106323,52.247467
7327,E-1,04,2024-02-19 19:10:52,21.1169411,52.2335192
7328,509,024,2024-02-19 20:00:15,21.1164604,52.2337705
7329,402,014,2024-02-19 20:03:33,21.116055,52.233826
733,150,011,2024-02-19 08:17:04,20.864759,52.360481
7330,158,6,2024-02-19 20:39:00,21.117281,52.233414
7331,507,8,2024-02-19 22:06:32,21.0625874,52.2294275
7332,158,8,2024-02-19 22:06:33,20.970783,52.219601
7333,525,7,2024-02-19 22:06:32,21.0104007,52.2297531
7334,103,1,2024-02-19 19:14:52,21.1143822,52.234778
7335,E-1,05,2024-02-19 19:15:41,21.116941,52.233738
743,250,2,2024-02-19 22:06:29,20.864761,52.360508
744,750,3,2024-02-19 22:06:31,20.864817,52.360229
748,110,4,2024-02-19 22:06:31,20.878431,52.295586
749,750,3,2024-02-19 22:06:31,20.864805,52.360485
750,150,3,2024-02-19 21:58:16,20.864912,52.360298
753,150,5,2024-02-19 22:06:34,20.890869,52.339745
754,150,09,2024-02-19 22:06:30,20.864853,52.360355
755,850,2,2024-02-19 22:06:31,20.864952,52.360455
756,150,6,2024-02-19 22:05:43,20.927893,52.290943
757,750,2,2024-02-19 22:06:25,20.930248,52.290623
762,150,5,2024-02-19 19:45:41,20.863714,52.35936
763,250,2,2024-02-19 22:06:26,20.880993,52.335732
769,250,04,2024-02-19 22:06:30,20.864933,52.36042
7700,507,6,2024-02-19 22:06:31,21.11494,52.2337659
7701,402,011,2024-02-19 19:39:37,21.1169142,52.2336186
7702,145,012,2024-02-19 19:58:48,21.1165995,52.2337359
7703,521,1,2024-02-19 20:00:03,21.114883,52.234438
7704,146,06,2024-02-19 20:31:13,21.1159122,52.2336671
7705,521,3,2024-02-19 22:06:32,20.9638899,52.2078696
7706,507,7,2024-02-19 22:06:33,21.1277831,52.233981
7707,402,4,2024-02-19 12:04:17,21.116295,52.235804
7708,N24,3,2024-02-19 10:57:29,21.117188,52.234085
7709,523,018,2024-02-19 22:06:30,21.117622,52.2334291
7710,105,7,2024-02-19 22:06:33,20.9709272,52.2287294
7711,136,11,2024-02-19 22:06:33,20.9653221,52.2479097
7712,112,4,2024-02-19 19:31:27,20.921733,52.195886
7713,190,6,2024-02-19 22:06:33,21.0367155,52.2554637
7714,189,022,2024-02-19 22:03:37,20.920798,52.196984
7715,187,6,2024-02-19 20:52:35,20.921381,52.195925
7716,190,9,2024-02-19 19:25:19,20.9207185,52.1969824
7717,721,02,2024-02-19 22:06:32,20.8699857,52.0608161
7718,186,014,2024-02-19 20:13:42,20.921019,52.197301
7719,717,65,2024-02-19 17:19:13,20.921331,52.196911
772,150,08,2024-02-19 19:44:10,20.864234167,52.359750333
7720,517,8,2024-02-19 22:06:33,21.0356225,52.2224921
7721,141,208,2024-02-19 22:06:33,21.0242135,52.1981332
7722,721,1,2024-02-19 22:06:32,20.9210736,52.1959668
7723,189,020,2024-02-19 20:07:42,20.9215482,52.1958639
7724,743,1,2024-02-19 20:19:32,20.9205776,52.1969504
7725,414,01,2024-02-19 21:17:55,20.919349,52.1976245
7726,105,09,2024-02-19 17:06:58,20.920676,52.197423
7727,191,010,2024-02-19 19:02:25,20.920716,52.197401
7728,186,015,2024-02-19 19:28:13,20.9211392,52.197357
7729,719,1,2024-02-19 22:06:31,20.5863745,52.2575311
773,750,07,2024-02-19 18:05:47,20.864276833,52.359862167
7730,509,9,2024-02-19 22:06:32,21.1152027,52.2337064
7731,502,718,2024-02-19 19:37:07,21.1165114,52.2329577
7732,523,020,2024-02-19 19:53:54,21.116205,52.233825
7733,521,07,2024-02-19 21:46:48,21.115288,52.233735
7734,521,012,2024-02-19 22:06:31,21.1153914,52.2336801
7735,158,9,2024-02-19 21:48:42,21.1168564,52.2332794
7736,514,1,2024-02-19 22:06:33,21.1661454,52.2534675
7737,525,2,2024-02-19 22:06:08,21.117551,52.234193
7738,202,541,2024-02-19 22:01:43,21.116209,52.233566
7739,507,2,2024-02-19 22:06:33,21.0052467,52.2296712
7740,N22,203,2024-02-19 22:06:33,21.1177449,52.2334759
7741,525,010,2024-02-19 19:34:00,21.11661,52.233598
7742,507,5,2024-02-19 22:06:25,21.117187,52.2348602
7743,525,09,2024-02-19 19:20:02,21.1172402,52.2334747
7744,E-1,04,2024-02-19 12:27:19,21.115929,52.233508
7745,188,07,2024-02-19 21:08:57,21.115418,52.233905
7746,521,010,2024-02-19 20:32:19,21.1158641,52.2335876
7747,502,462,2024-02-19 22:06:33,21.0775919,52.2352242
7748,502,465,2024-02-19 22:06:33,21.2174195,52.2144645
775,150,4,2024-02-19 22:06:27,20.847248,52.341568
7750,520,7,2024-02-19 22:06:32,21.0377159,52.222356
7751,525,011,2024-02-19 20:03:13,21.114952,52.2336356
7752,507,3,2024-02-19 06:25:34,21.115961,52.234843
7753,145,5,2024-02-19 22:06:32,21.0427404,52.2923622
7754,188,08,2024-02-19 22:06:33,21.0977652,52.2482101
7755,182,3,2024-02-19 22:06:33,21.097015,52.2348164
7757,182,5,2024-02-19 21:37:49,21.1173975,52.2339481
7758,125,4,2024-02-19 22:06:33,21.1173877,52.2347509
7759,182,7,2024-02-19 22:06:31,21.1165436,52.2332986
776,750,4,2024-02-19 22:06:08,20.7146731,52.3920771
777,250, ,2024-02-19 22:06:32,20.8648061,52.3601882
778,250,3,2024-02-19 22:04:58,20.9274941,52.2912862
779,850,03,2024-02-19 22:06:33,20.8649504,52.3603807
7800,509,024,2024-02-19 19:34:56,21.1168359,52.2335152
7801,145,014,2024-02-19 19:45:08,21.1157027,52.2335251
7802,145,1,2024-02-19 17:48:16,21.1165644,52.2342802
7803,145,3,2024-02-19 22:06:33,21.1252434,52.261474
7804,145,11,2024-02-19 22:06:32,21.119825,52.2693935
7805,141,7,2024-02-19 22:06:33,21.1172282,52.2332647
7806,141,1,2024-02-19 22:06:32,21.0860329,52.2450664
7807,411,03,2024-02-19 22:06:33,21.1160192,52.2336969
7808,520,4,2024-02-19 12:14:12,21.1152244,52.2340999
7809,143,8,2024-02-19 22:06:33,21.1438317,52.2603591
7810,521,1,2024-02-19 22:06:33,21.2047134,52.1593719
7811,141,4,2024-02-19 22:06:33,21.1165367,52.2334402
7812,143,5,2024-02-19 22:06:30,21.0235735,52.2189635
7813,151,3,2024-02-19 22:06:33,21.0933875,52.2311365
7814,182,2,2024-02-19 22:05:54,21.1129887,52.2363326
7816,202,544,2024-02-19 22:06:33,21.0519987,52.2477992
7817,102,546,2024-02-19 22:06:29,21.0416388,52.2417575
7818,125,06,2024-02-19 20:15:36,21.116058,52.2336084
7819,125,07,2024-02-19 19:22:14,21.1171457,52.2333534
782,150,010,2024-02-19 18:13:42,20.8644186,52.3598671
7820,151,05,2024-02-19 20:36:02,21.115899,52.233818
7821,502,09,2024-02-19 18:11:21,21.1173414,52.2338592
7822,520,010,2024-02-19 19:45:40,21.116353,52.233801
7823,720,1,2024-02-19 18:36:54,21.1164057,52.2343059
7824,523,022,2024-02-19 00:10:42,21.11555,52.2335542
7825,141,6,2024-02-19 22:06:19,21.028279,52.199925
7826,514,2,2024-02-19 22:06:32,21.015562,52.2191608
7827,141,3,2024-02-19 19:01:47,21.1152691,52.2341192
7828,162,012,2024-02-19 19:06:39,21.117156,52.233466
7829,125,1,2024-02-19 22:06:33,21.1696937,52.2105139
7830,143,3,2024-02-19 22:06:33,21.0445617,52.2243429
7831,525,3,2024-02-19 22:06:33,21.1615339,52.2256557
7832,523,019,2024-02-19 16:26:38,21.1168445,52.2333964
7833,145,9,2024-02-19 22:06:24,21.016359,52.294638
7834,523,020,2024-02-19 20:05:17,21.1153932,52.2335594
7835,507,1,2024-02-19 22:06:33,21.1150552,52.2339197
7836,411,02,2024-02-19 18:46:13,21.1173486,52.2334591
7837,521,6,2024-02-19 21:55:36,21.1153086,52.2338687
7838,520,5,2024-02-19 13:24:45,21.1150055,52.2336058
7839,E-2,03,2024-02-19 10:05:15,21.1163945,52.2334684
7840,523,16,2024-02-19 22:06:33,20.9343469,52.2401627
7841,E-1,02,2024-02-19 18:39:59,21.116984,52.233363
7842,188,3,2024-02-19 22:06:32,21.1286586,52.2402257
7843,502,468,2024-02-19 21:58:55,21.1169887,52.233605
7844,402,7,2024-02-19 21:08:01,21.1171637,52.2332459
7845,162,011,2024-02-19 19:26:44,21.1169971,52.2336914
7846,151,1,2024-02-19 17:19:33,21.1151065,52.2344277
7847,502,464,2024-02-19 22:06:29,21.1179553,52.2342208
7848,521,08,2024-02-19 21:00:27,21.1161091,52.233484
7849,E-1,03,2024-02-19 19:07:25,21.116986,52.233546
7850,202,09,2024-02-19 20:05:30,21.1162837,52.2334596
7851,514,1,2024-02-17 23:20:27,21.1157752,52.2347305
7852,145,2,2024-02-19 20:34:53,21.1151915,52.2344376
7853,145,016,2024-02-19 20:00:50,21.1156214,52.2335395
7854,188,07,2024-02-19 19:10:48,21.1172616,52.23368
7855,151,06,2024-02-19 18:21:14,21.117503,52.233465
7856,145,1,2024-02-19 22:06:33,21.1169625,52.2350391
7857,145,013,2024-02-19 19:24:01,21.1171156,52.2336835
7858,182,011,2024-02-19 16:28:45,21.1158072,52.2335169
7859,509,10,2024-02-19 22:06:32,21.0630981,52.2287484
7860,521,07,2024-02-19 08:49:19,21.1175522,52.2336367
7861,162,2,2024-02-19 22:06:33,21.030814,52.2301217
7862,145,7,2024-02-19 21:27:32,21.11829,52.23416
7863,145,013,2024-02-19 19:31:32,21.116697,52.2334176
7864,158,1,2024-02-19 21:37:42,21.115068,52.233936
7865,720,2,2024-02-19 22:06:33,21.0852461,52.2453402
7866,145,5,2024-02-19 21:47:47,21.1162211,52.234894
7867,525,010,2024-02-19 22:06:32,21.114393,52.2347589
7868,523,1,2024-02-19 22:05:41,21.1155034,52.2335352
7869,125,3,2024-02-19 22:06:33,21.0956825,52.2438317
7870,509,15,2024-02-19 22:06:33,21.0462127,52.2480397
7871,520,4,2024-02-19 22:06:31,21.1560501,52.2403628
7872,202,543,2024-02-19 22:06:33,21.0665925,52.2501529
7873,411,03,2024-02-19 19:41:11,21.1174656,52.2338791
7874,188,4,2024-02-19 22:06:33,21.0062456,52.2171741
7875,502,467,2024-02-19 22:06:33,21.0886759,52.2359191
7876,502,1,2024-02-19 22:06:33,21.0157911,52.2231439
7877,151,1,2024-02-19 22:06:33,21.0155629,52.2226285
7878,E-2,03,2024-02-19 18:58:44,21.117125,52.233595
7879,520,011,2024-02-19 18:36:36,21.1174504,52.2336549
7880,523,12,2024-02-19 22:06:33,20.8983304,52.2585036
7881,168,2,2024-02-19 22:06:32,21.1131734,52.2365769
7882,151,2,2024-02-19 22:06:32,21.107069,52.2297355
7883,502,463,2024-02-19 22:06:28,21.1166705,52.2349791
7884,E-2,01,2024-02-19 19:51:47,21.116164,52.233809
7885,523,4,2024-02-19 22:06:33,21.1066679,52.2478359
7886,514,4,2024-02-19 22:06:32,21.2114447,52.2468117
7887,525,012,2024-02-19 20:00:56,21.116158,52.233514
7888,E-2,05,2024-02-19 19:47:27,21.1166584,52.2335097
7889,520,09,2024-02-19 22:06:31,21.1153056,52.2344691
7890,143,012,2024-02-19 19:46:53,21.116266,52.233806
80101,L48,1,2024-02-19 22:06:33,21.2847426,52.2214733
80102,L47,1,2024-02-19 22:06:30,21.3025746,52.2490286
80103,L48,02,2024-02-19 21:10:29,21.3049455,52.2032388
80104,L47,02,2024-02-19 20:53:58,21.2963125,52.2646394
80105,L47,1,2024-02-19 14:18:00,21.2856538,52.324837
80106,L43,882,2024-02-19 17:37:27,21.1806318,52.4219176
80107,L26,3,2024-02-19 05:43:21,21.200855,52.3259288
80108,L26,2,2024-02-19 22:06:33,21.1800405,52.4222088
80109,L26,1,2024-02-19 18:31:17,21.1936823,52.3388345
80111,L38,1,2024-02-19 22:05:51,21.2791041,52.3288678
80112,L37,1,2024-02-19 22:06:30,21.2207333,52.34525
80113,L36,1,2024-02-19 22:04:56,21.1757546,52.3110878
80114,L43,681,2024-02-19 22:06:34,21.175551,52.3107981
80115,L45,1,2024-02-19 22:06:32,21.085269,52.3050755
80116,L40,2,2024-02-19 18:57:53,21.1756001,52.3107118
80117,L-3,1,2024-02-19 22:06:33,20.872754,52.0262558
80118,L35,1,2024-02-19 22:06:30,21.1953366,52.3150498
80120,L45,02,2024-02-19 21:27:06,21.0582798,52.2745655
80121,L37,02,2024-02-19 18:30:13,21.2554466,52.3376023
80122,L43,682,2024-02-19 21:13:18,21.175627,52.3107621
80123,L43,781,2024-02-19 19:08:20,21.1755834,52.3107653
80124,L32,1,2024-02-19 22:06:10,20.9637631,52.0118765
80125,L40,1,2024-02-19 22:06:26,21.2384875,52.3465336
8300,172,3,2024-02-19 22:06:20,20.984871,52.198218
8301,136,014,2024-02-19 19:44:32,20.9977478,52.1877331
8302,504,1,2024-02-19 22:06:18,20.997476,52.187049
8303,166,011,2024-02-19 22:06:27,20.9974516,52.1864733
8304,187,3,2024-02-19 22:06:30,20.89168,52.1936121
8305,174,6,2024-02-19 22:06:29,20.999561,52.2310638
8306,148,4,2024-02-19 22:06:29,21.0874366,52.2448133
8307,317,5,2024-02-19 22:06:28,20.9964081,52.187746
8308,141,5,2024-02-19 22:06:24,20.9431183,52.1754433
8309,189,12,2024-02-19 22:06:32,21.0689235,52.1812558
8310,174,09,2024-02-19 19:18:14,20.9965866,52.186832
8311,172,1,2024-02-19 20:38:12,20.997536,52.186436
8312,168,3,2024-02-19 21:34:24,20.9979193,52.1876733
8313,136,6,2024-02-19 22:06:19,21.042639,52.147963
8314,128,704,2024-02-19 13:10:00,20.996285,52.187255
8315,193,07,2024-02-19 22:06:25,20.9952868,52.1875246
8316,148,8,2024-02-19 22:06:32,21.0475208,52.1630815
8317,174,371,2024-02-19 22:06:35,21.0127173,52.1749343
8318,143,4,2024-02-19 22:06:33,20.9927671,52.2164613
8319,168,4,2024-02-19 22:06:32,21.0396736,52.2065865
8320,504,2,2024-02-19 22:06:35,21.0343736,52.1507683
8321,193,08,2024-02-19 22:06:30,20.9971136,52.1861906
8322,319,08,2024-02-19 18:58:49,20.996376,52.18762
8323,138,9,2024-02-19 22:06:30,20.9964301,52.1877991
8324,168,5,2024-02-19 22:06:28,20.995461,52.1911976
8325,168,7,2024-02-19 22:06:34,21.0385823,52.2067983
8326,217,06,2024-02-19 18:38:17,20.9967396,52.186817
8327,519,3,2024-02-19 22:06:29,20.9972461,52.1876326
8328,710,3,2024-02-19 21:29:05,20.996988,52.187743
8329,162,08,2024-02-19 22:06:28,20.9973916,52.1874816
8330,308,02,2024-02-19 19:00:37,20.997966,52.187728
8331,710,5,2024-02-19 22:06:31,21.1217481,52.0890213
8332,138,5,2024-02-19 22:06:27,21.01671,52.2144516
8333,402,1,2024-02-19 22:06:29,21.0022093,52.1855613
8334,162,7,2024-02-19 22:06:33,21.0354925,52.2537048
8335,217,5,2024-02-19 22:06:28,21.0240051,52.1797086
8336,136,018,2024-02-19 19:19:40,20.996749,52.186896
8337,501,6,2024-02-19 22:06:28,21.0117868,52.229443
8338,165,2,2024-02-19 22:06:24,20.995878,52.187431
8339,709,4,2024-02-19 21:33:27,20.997956,52.18603
8340,501,4,2024-02-19 22:06:30,21.0155466,52.2229278
8341,174,4,2024-02-19 12:16:43,20.995971,52.187075
8342,174,1,2024-02-19 19:37:21,20.996473,52.186438
8343,166,261,2024-02-19 22:06:32,21.0337467,52.2590367
8344,127,5,2024-02-19 22:06:30,21.020389,52.243121
8345,709,011,2024-02-19 18:32:27,20.996578,52.187706
8346,504,4,2024-02-19 22:06:25,21.01799,52.15275
8347,402,012,2024-02-16 11:10:56,20.997423,52.186876
8348,138,2,2024-02-19 22:06:31,21.100519,52.260615
8349,138,011,2024-02-19 18:30:34,20.996851,52.186941
8350,217,2,2024-02-19 21:37:45,20.997256,52.187671
8351,165,4,2024-02-19 21:06:32,20.998014,52.187411
8352,165,260,2024-02-19 22:06:26,21.0022717,52.1583033
8353,710,761,2024-02-19 22:00:03,20.997354,52.187678
8355,402,9,2024-02-19 22:06:30,20.9936583,52.179005
8356,709,6,2024-02-19 22:06:22,21.0245,52.1792333
8357,174,5,2024-02-19 20:41:25,20.997225,52.186876
8358,138,7,2024-02-19 20:27:47,20.997413,52.186334
8359,504,5,2024-02-19 22:06:28,20.997289,52.187701
8360,501,2,2024-02-19 22:06:32,21.0523517,52.1847633
8361,131,264,2024-02-19 22:06:25,21.0059117,52.2285283
8362,401,8,2024-02-19 20:51:36,20.996313,52.187736
8363,165,3,2024-02-19 22:06:24,21.002135,52.1750683
8364,727,3,2024-02-19 22:06:30,20.996245,52.188541
8365,143,1,2024-02-19 22:06:14,21.177199,52.256943
8366,E-2,06,2024-02-19 22:06:17,20.997054,52.187823
8367,165,3,2024-02-18 20:07:24,20.996723,52.186041
8368,401,021,2024-02-19 19:39:41,20.996099,52.187321
8369,174,3,2024-02-19 22:06:21,21.0113967,52.1998267
8396,E-2,05,2024-02-19 13:52:21,21.114326,52.234241
8397,502,09,2024-02-19 20:24:43,21.115786,52.233738
8398,525,4,2024-02-19 22:06:19,21.1969883,52.2085383
8399,502,09,2024-02-19 16:21:54,21.116534,52.233454
8441,518,010,2024-02-19 19:58:26,21.046049,52.264561
8442,120,7,2024-02-19 22:06:29,21.051951,52.2963062
8443,527,013,2024-02-19 19:46:19,21.0460866,52.2645342
8444,731,480,2024-02-19 22:06:32,20.9283394,52.4150524
8445,Z26,1,2024-02-19 22:06:33,20.953024,52.23
8446,509,13,2024-02-19 21:53:01,21.0485234,52.2646394
8447,190,7,2024-02-19 22:06:30,20.989342,52.240715
8448,190,016,2024-02-19 20:33:53,21.0460562,52.2648772
8449,140,1,2024-02-19 22:06:32,21.054564,52.275639
8450,414,07,2024-02-19 21:12:45,21.047421,52.264816
8451,132,1,2024-02-19 19:11:19,21.047573,52.26453
8452,160,518,2024-02-19 22:06:32,21.017174,52.247269
8453,190,017,2024-02-19 20:28:36,21.048213,52.264305
8454,120,1,2024-02-19 22:06:33,21.062304,52.362061
8455,527,012,2024-02-19 19:45:05,21.0457759,52.2651665
8456,735,63,2024-02-19 17:38:41,21.046667,52.264782
8457,245,1,2024-02-19 22:06:28,21.041653,52.300484
8458,112,7,2024-02-19 22:06:33,21.0585,52.3017
8459,735,66,2024-02-19 22:06:28,20.968096,52.271969
8460,500,2,2024-02-19 22:06:32,20.9818227,52.2550659
8461,735,62,2024-02-19 22:06:33,21.045918,52.264889
8462,520,5,2024-02-19 20:06:30,21.0469211,52.2648744
8463,500,7,2024-02-19 09:14:29,21.047104,52.264331
8464,N46,3,2024-02-15 11:08:28,21.048418,52.264462
8465,120,010,2024-02-19 20:59:55,21.047903,52.264704
8500,709,5,2024-02-19 22:06:31,21.0244167,52.179935
8501,710,08,2024-02-19 21:09:09,20.997083,52.187703
8502,501,5,2024-02-19 22:00:13,20.996643,52.187241
8503,724,667,2024-02-19 21:26:00,20.996334,52.187586
8504,504,8,2024-02-19 22:06:23,21.0019833,52.2282083
8505,136,10,2024-02-19 22:06:19,20.965358,52.247791
8506,141,2,2024-02-19 22:03:24,20.995215,52.187063
8507,519,2,2024-02-19 22:06:23,21.0039367,52.2294733
8508,727,422,2024-02-19 22:06:23,21.01725,52.1666667
8509,710,2,2024-02-19 22:06:30,21.1143967,52.1021583
8510,727,2,2024-02-19 20:38:01,20.996241,52.186565
8511,522,4,2024-02-19 22:06:28,21.0236367,52.2115117
8512,724,668,2024-02-19 22:06:30,21.113195,52.108261
8513,174,4,2024-02-19 22:06:16,20.996398,52.188845
8514,519,270,2024-02-19 22:06:30,21.0300567,52.2007733
8517,504,010,2024-02-19 18:22:50,20.997039,52.187613
8518,217,1,2024-02-19 22:06:22,21.0635833,52.1708133
8519,401,6,2024-02-19 22:06:32,21.0265133,52.1704017
8520,522,5,2024-02-19 22:06:17,20.998335,52.187775
8521,522,1,2024-02-19 22:06:31,20.9959617,52.1880417
8522,193,08,2024-02-19 18:59:19,20.996311,52.187741
8523,710,6,2024-02-19 22:06:22,21.011296,52.074143
8524,131,265,2024-02-19 22:06:22,21.0061683,52.2142583
8525,174,258,2024-02-19 22:06:21,20.99534,52.1702167
8526,165,1,2024-02-19 22:06:27,20.9957767,52.188035
8528,522,7,2024-02-19 22:06:22,21.058855,52.178775
8530,166,011,2024-02-19 12:11:44,20.997876,52.185928
8531,709,9,2024-02-19 22:01:39,20.996678,52.186414
8532,401,015,2024-02-19 19:49:38,20.997726,52.187618
8533,172,011,2024-02-15 10:06:42,20.997306,52.187236
8535,522,010,2024-02-19 19:31:06,20.996294,52.187806
8536,709,429,2024-02-19 22:06:29,21.017761,52.066996
8537,519,1,2024-02-19 22:06:26,21.087444,52.15878
8538,522,6,2024-02-19 21:46:56,20.997661,52.186361
8539,522,2,2024-02-19 22:06:33,21.0488083,52.1742283
8540,319,06,2024-02-19 18:38:04,20.99698,52.187706
8541,710,07,2024-02-19 19:28:14,20.996068,52.186951
8542,501,3,2024-02-19 21:30:30,20.996346,52.187821
8544,402,5,2024-02-19 19:28:16,20.996356,52.187048
8545,136,12,2024-02-19 22:06:31,20.9675742,52.2141975
8547,138,257,2024-02-19 22:06:23,21.0421583,52.2494583
8548,162,5,2024-02-19 22:06:18,21.0724783,52.1913533
8549,727,04,2024-02-19 21:39:52,20.998308,52.187786
8550,709,1,2024-02-19 22:06:20,20.997641,52.187944
8551,317,5,2024-02-19 22:06:23,21.084388,52.168018
8552,525,1,2024-02-19 21:55:11,20.998335,52.187719
8554,166,6,2024-02-19 22:06:31,20.997406,52.187278
8556,174,371,2024-02-19 13:46:53,20.996813,52.185621
8557,166,262,2024-02-19 22:06:32,21.038541,52.251809
8558,709,3,2024-02-19 22:06:29,21.0186317,52.0980933
8559,138,7,2024-02-19 22:06:29,20.9955967,52.18755
8560,143,011,2024-02-19 22:06:16,21.107379,52.241303
8561,402,6,2024-02-19 22:06:16,21.156185,52.240336
8562,507,011,2024-02-19 18:54:21,21.1169817,52.23333
8563,509,7,2024-02-19 22:06:24,20.993086,52.299878
8564,523,3,2024-02-19 22:06:31,21.0779206,52.2347148
8565,125,2,2024-02-19 22:06:24,21.0387433,52.243465
8566,523,6,2024-02-19 20:44:18,21.115758,52.23389
8567,521,4,2024-02-19 22:06:23,21.062954,52.240368
8568,521,6,2024-02-19 22:06:31,21.2036233,52.1686483
8569,158,211,2024-02-19 22:06:22,21.064708,52.240743
8570,525,319,2024-02-19 22:06:20,21.037115,52.2221917
8571,158,1,2024-02-19 15:10:51,21.116106,52.234306
8572,514,3,2024-02-19 22:06:19,21.0583,52.2274033
8573,199,1,2024-02-19 22:06:29,21.041265,52.3000883
8574,520,3,2024-02-19 22:06:31,21.10887,52.2336933
8575,525,207,2024-02-19 22:06:19,21.117885,52.233381
8576,158,2,2024-02-14 19:09:05,21.114944,52.233486
8577,402,2,2024-02-19 22:06:29,21.0458267,52.1876683
8578,143,6,2024-02-19 22:06:29,21.0826726,52.2413718
8579,509,6,2024-02-19 22:06:24,20.951503,52.318963
8580,738,06,2024-02-19 19:25:54,21.047416,52.264665
8582,162,6,2024-02-19 22:06:16,21.035593,52.222413
8583,705,65,2024-02-19 22:06:25,21.087895,52.4692033
8584,140,08,2024-02-19 19:01:13,21.046628,52.265104
8585,132,4,2024-02-19 22:06:32,21.039563,52.266913
8586,500,4,2024-02-19 22:06:31,21.0470083,52.2636933
8587,245,05,2024-02-19 19:58:08,21.043786,52.266024
8588,738,1,2024-02-19 22:06:29,21.1013383,52.3184483
8589,E-2,02,2024-02-19 19:11:54,21.046838,52.264801
8590,500,3,2024-02-19 20:02:00,20.983769,52.255013
8591,190,016,2024-02-19 12:19:53,21.046711,52.264866
8592,509,11,2024-02-19 22:06:30,21.04752,52.2647716
8593,738,2,2024-02-19 22:06:27,21.052985,52.27654
8594,735,64,2024-02-19 22:06:32,21.029168,52.337851
8595,Z26,1,2024-02-19 13:12:31,21.044321,52.265958
8800,148,3,2024-02-19 22:06:28,21.0696818,52.2034021
8801,148,9,2024-02-19 22:06:28,20.9780935,52.1696698
8802,136,8,2024-02-19 22:06:31,20.9827888,52.1961296
8804,504,3,2024-02-19 22:06:28,20.9982111,52.1878851
8805,504,9,2024-02-19 20:59:32,20.9980078,52.1877456
8806,141,012,2024-02-19 22:06:27,20.9957748,52.1874814
8807,148,6,2024-02-19 22:06:29,21.0974666,52.2343298
8808,138,7,2024-02-19 22:06:29,20.9969608,52.1867801
8809,217,4,2024-02-19 22:06:30,20.9980986,52.1874426
8810,187,8,2024-02-19 22:06:31,20.996845,52.1878408
8812,143,011,2024-02-19 11:35:51,20.997386,52.186145
8813,340,07,2024-02-19 18:31:36,21.0485718,52.2646231
8814,138,8,2024-02-19 22:06:31,21.0018105,52.1860028
8815,148,5,2024-02-19 20:59:31,20.996996,52.18767
8816,187,2,2024-02-19 22:06:31,20.8620798,52.1910407
8817,522,08,2024-02-19 22:06:27,20.9968511,52.1877498
8818,136,013,2024-02-19 20:01:35,20.997386,52.186884
8819,401,021,2024-02-19 12:01:50,20.9971356,52.186388
8820,503,7,2024-02-19 22:06:30,21.0250325,52.2202681
8821,180,4,2024-02-19 22:06:31,21.0706576,52.1806188
8822,138,4,2024-02-19 22:06:29,21.0884541,52.2606716
8823,187,11,2024-02-19 22:06:32,20.998017,52.1877191
8824,141,9,2024-02-19 21:44:47,20.9974765,52.1870531
8825,308,01,2024-02-19 22:06:23,20.9964431,52.1863508
8826,317,4,2024-02-19 22:06:27,21.0343688,52.17349
8827,704,2,2024-02-19 22:06:30,21.1231475,52.2358805
8828,704,1,2024-02-19 22:06:32,21.3014815,52.2188518
8829,520,1,2024-02-19 22:06:27,21.0021368,52.2430625
8830,523,6,2024-02-19 16:40:37,21.115971,52.233516
8832,502,466,2024-02-19 22:06:32,21.2370678,52.2232748
8833,502,720,2024-02-19 19:41:37,21.116611,52.233816
8835,143,2,2024-02-19 22:06:33,21.1768798,52.2621765
8836,520,8,2024-02-19 22:06:31,21.0040574,52.2409561
8837,151,04,2024-02-19 20:56:37,21.1163095,52.2336596
8839,141,3,2024-02-19 22:06:30,20.944326,52.1755563
8841,182,9,2024-02-19 22:06:17,21.019966,52.21781
8842,523,9,2024-02-19 20:37:14,21.1156956,52.2336115
8843,504,7,2024-02-19 22:06:23,20.9964925,52.1862931
8844,402,4,2024-02-19 22:06:29,21.1489478,52.238611
8845,720,1,2024-02-19 21:08:56,21.1152895,52.2336665
8846,182,4,2024-02-19 21:03:07,21.115635,52.2335621
8848,188,4,2024-02-19 20:35:21,21.1158588,52.2338705
8850,520,6,2024-02-19 22:06:25,21.1376751,52.2402511
8851,704,03,2024-02-19 20:38:28,21.117318,52.233318
8852,143,7,2024-02-19 20:08:51,21.1160011,52.233588
8853,411,01,2024-02-19 18:34:51,21.1168533,52.2334621
8854,148,010,2024-02-19 20:31:37,21.117506,52.2333511
8855,525,5,2024-02-19 22:06:28,21.1399415,52.2285395
8856,520,2,2024-02-19 22:06:31,21.0155018,52.2180723
8857,500,5,2024-02-16 09:48:43,21.0455925,52.2652798
8858,512,1,2024-02-19 22:06:23,21.0498565,52.28586
8859,111,6,2024-02-19 22:06:28,21.066588,52.2332238
8860,738,07,2024-02-19 18:14:28,21.0484208,52.2642851
8861,116,9,2024-02-19 22:06:19,21.046048,52.265354
8862,162,5,2024-02-19 06:26:19,21.0473286,52.2642421
8863,340,06,2024-02-19 19:35:48,21.0439016,52.2660846
8864,180,2,2024-02-19 22:06:29,21.0241633,52.2238471
8865,512,5,2024-02-19 22:06:31,21.049719,52.2860638
8867,340,05,2024-02-19 19:26:29,21.0466271,52.2650123
8868,140,05,2024-02-19 17:23:41,21.046273,52.264831
8869,111,9,2024-02-19 22:06:28,21.0149313,52.2406598
8870,138,6,2024-02-19 21:18:20,21.0484003,52.2643215
8871,340,04,2024-02-19 19:12:34,21.045896,52.2651131
8872,127,8,2024-02-19 22:06:32,20.9249905,52.2070995
8873,140,05,2024-02-19 20:02:06,21.046983,52.264988
8874,140,06,2024-02-19 18:28:33,21.0464636,52.265003
8875,Z26,2,2024-02-19 20:42:21,21.0486295,52.264706
8876,245,2,2024-02-19 22:06:28,21.0420618,52.3004481
8877,245,4,2024-02-19 22:06:31,21.0894706,52.2863243
8878,138,3,2024-02-19 20:08:06,21.0448111,52.2650018
8879,140,09,2024-02-19 19:16:58,21.0473538,52.2644701
8880,174,08,2024-02-19 18:51:28,20.9969578,52.187766
8881,172,9,2024-02-19 22:06:30,21.0555341,52.1817603
8882,138,012,2024-02-19 22:06:31,20.9974311,52.1869596
8883,172,8,2024-02-19 22:06:31,21.012139,52.1890301
8884,136,1,2024-02-19 22:06:27,20.9982235,52.1879261
8885,504,011,2024-02-19 21:48:52,21.0378921,52.1634515
8886,517,9,2024-02-19 22:06:21,21.043375,52.222963
8889,504,012,2024-02-19 19:14:58,20.9962186,52.1863786
8890,143,09,2024-02-19 21:00:50,20.9951825,52.1876125
8891,522,09,2024-02-19 22:06:24,20.9966756,52.1877245
8892,136,017,2024-02-19 17:59:59,20.9967305,52.1875798
8893,148,2,2024-02-19 22:06:27,21.0479105,52.1514546
8894,138,010,2024-02-19 20:31:55,20.9962156,52.1862673
8895,141,8,2024-02-19 22:06:29,21.0742276,52.232559
8896,148,1,2024-02-19 22:06:30,20.979796,52.1724046
8897,136,016,2024-02-19 22:06:28,20.997273,52.1875103
8898,317,1,2024-02-19 22:06:29,21.0638898,52.1705805
8899,136,3,2024-02-19 22:06:29,21.0267475,52.1619353
9061,104,1,2024-02-19 22:06:13,21.034531,52.317711
9062,211,011,2024-02-19 22:06:33,21.0152262,52.3180234
9063,211,2,2024-02-19 22:06:12,20.954937,52.330101
9064,104,2,2024-02-19 22:06:27,21.031364,52.32766
9065,211,010,2024-02-16 22:01:49,21.015053,52.318092
9066,211,08,2024-02-19 19:24:30,21.015083,52.318542
9067,211,08,2024-02-16 20:10:19,21.01512,52.318024
9068,332,1,2024-02-19 20:52:28,21.0160929,52.318599
9069,314,2,2024-02-19 21:05:44,21.015491,52.318684
9070,133,1,2024-02-19 22:06:27,21.015419,52.318687
9071,161,1,2024-02-19 22:06:28,21.190271,52.183876
9072,161,2,2024-02-19 22:06:32,21.173647,52.17802
9073,211,461,2024-02-19 22:06:06,20.945778,52.350826
9074,262,03,2024-02-19 20:41:41,21.0161039,52.3184784
9075,211,1,2024-02-19 20:25:19,21.015097,52.318089
9076,211,3,2024-02-19 22:06:01,21.001013,52.291546
9077,211,2,2024-02-19 18:31:13,21.015345,52.317978
9078,211,09,2024-02-19 22:06:33,21.0161901,52.3186202
9079,211,3,2024-02-19 09:14:37,21.015997,52.318523
9080,211,010,2024-02-12 21:33:30,20.947149,52.332153
9081,104,03,2024-02-19 22:06:27,21.003809,52.290558
9082,314,1,2024-02-19 20:51:28,21.015028,52.318123
9083,262,1,2024-02-19 22:06:33,21.0151899,52.318613
9084,262,2,2024-02-19 21:55:07,21.015512,52.318619
9085,314,454,2024-02-19 21:40:30,21.014971,52.318039
9086,900,1,2024-02-19 22:06:33,21.01551,52.3187565
9087,104,2,2024-02-15 13:13:03,21.016108,52.318542
9088,211,010,2024-02-19 21:08:47,21.016203,52.318493
9089,161,03,2024-02-19 22:06:05,21.015245,52.31871
9090,900,1,2024-02-19 22:06:33,21.015003,52.318054
9092,211,012,2024-02-19 20:40:40,21.015135,52.318581
9093,314,4,2024-02-19 21:20:36,21.0154,52.318539
9094,900,1,2024-02-19 19:32:14,21.015079,52.317924
9201,209,574,2024-02-19 22:06:29,21.037332,52.153714
9202,201,2,2024-02-19 22:06:28,20.934096,52.258294
9203,209,574,2024-02-19 22:06:28,20.8829883,52.2066218
9204,264,1,2024-02-19 22:06:25,21.1387448,52.127622
9205,201,4,2024-02-19 22:06:29,20.925154,52.26067
9206,239,775,2024-02-19 22:06:31,20.8820874,52.2079441
9207,201,05,2024-02-19 22:06:30,20.882162,52.2080435
9208,164,1,2024-02-19 22:06:33,21.085264,52.193261
9210,164,3,2024-02-19 22:06:29,21.110358,52.164598
9211,201,3,2024-02-19 22:06:31,20.8966855,52.2028474
9212,305,1,2024-02-19 22:06:33,20.8836481,52.2068234
9214,164,2,2024-02-19 22:06:33,21.134362,52.149281
9215,209,572,2024-02-19 22:06:32,20.991784,52.127313
9219,211,6,2024-02-19 22:06:33,20.882885,52.207352
9220,133,348,2024-02-19 22:06:31,20.9595607,52.3334325
9226,201,1,2024-02-19 22:06:29,20.9310497,52.2548414
9227,815,775,2024-02-19 22:06:34,20.8822286,52.2080216
9228,209,573,2024-02-19 22:06:31,20.8825885,52.2071156
9229,349,1,2024-02-19 22:06:33,20.8822986,52.2080295
9231,211,5,2024-02-19 22:06:28,20.970962,52.275733
9232,239,571,2024-02-19 22:06:28,21.0381266,52.154592
9242,203,472,2024-02-19 22:06:29,20.9285268,52.2911085
9245,Z12,1,2024-02-19 22:06:31,20.909652,52.2835647
9251,203,1,2024-02-19 22:06:32,20.931292,52.289888
9252,133,2,2024-02-19 22:06:31,20.9523163,52.3167792
9253,211,460,2024-02-19 22:06:30,20.968229,52.321178
9301,147,09,2024-02-19 22:06:32,21.077391,52.269047
9302,739,6,2024-02-19 08:11:34,21.07716,52.268208
9303,256,03,2024-02-19 22:06:33,21.077698,52.26778
9304,739,1,2024-02-19 22:00:35,21.077238,52.26902
9305,142,4,2024-02-19 22:06:28,21.196732,52.171211
9311,135,1,2024-02-19 22:06:32,21.027161,52.259567
9312,179,7,2024-02-19 22:06:29,21.068621,52.128899
9313,135,6,2024-02-19 21:30:16,21.077154,52.268383
9314,356,01,2024-02-19 21:40:16,21.07794,52.268547
9315,135,6,2024-02-19 05:41:47,21.0918431,52.2311365
9316,142,469,2024-02-19 22:06:28,21.088163,52.244678
9317,135,4,2024-02-19 22:06:34,21.1055349,52.2466264
9318,147,08,2024-02-19 22:06:32,21.078133,52.267593
9319,135,5,2024-02-19 09:18:12,21.0506,52.2473729
9320,196,1,2024-02-19 22:06:31,21.077717,52.26889
9321,356,02,2024-02-19 21:45:33,21.077955,52.268639
9322,196,2,2024-02-19 22:06:33,21.077084,52.268826
9323,135,08,2024-02-19 21:59:12,21.07789,52.268784
9324,135,07,2024-02-19 22:05:02,21.077852,52.26873
9325,147,06,2024-02-19 22:06:33,21.077818,52.268814
9326,147,010,2024-02-19 21:57:26,21.077618,52.267834
9327,739,4,2024-02-19 22:06:28,21.024261,52.179863
9328,179,4,2024-02-19 11:43:44,21.0586612,52.1503177
9329,356,03,2024-02-19 16:51:29,21.0842777,52.2743584
9330,179,2,2024-02-19 22:06:32,21.033764,52.162209
9331,739,6,2024-02-19 22:06:32,21.017622,52.159279
9332,739,1,2024-02-19 22:06:24,21.052868,52.100903
9333,179,52,2024-02-19 22:06:33,21.077547,52.268009
9334,739,2,2024-02-19 22:06:27,21.052422,52.095402
9335,739,2,2024-02-19 22:06:31,21.077137,52.268879
9336,356,01,2024-02-19 09:38:02,21.077864,52.267868
9337,256,2,2024-02-19 22:06:33,21.065462,52.328041
9338,179,11,2024-02-19 22:06:31,21.102278,52.220764
9339,179,9,2024-02-19 22:06:31,21.049795,52.154732
9340,198,3,2024-02-19 22:06:32,21.226841,52.216797
9341,739,3,2024-02-19 22:06:32,21.017319,52.138584
9342,256,1,2024-02-19 22:06:32,21.061771,52.308792
9343,147,07,2024-02-19 21:49:39,21.077925,52.268623
9344,202,584,2024-02-19 22:06:31,21.077789,52.268799
9345,135,2,2024-02-19 22:06:31,21.041578,52.265179
9346,727,426,2024-02-19 22:06:29,20.931799,52.049553
9347,142,5,2024-02-19 22:06:28,21.242334,52.169987
9348,179,5,2024-02-19 22:06:31,21.063818,52.14172
9349,179,3,2024-02-19 22:06:32,21.077744,52.268818
9350,179,4,2024-02-18 11:41:56,21.0639215,52.1417339
9351,142,1,2024-02-19 22:06:31,21.167824,52.172131
9352,179,6,2024-02-19 22:06:32,21.023045,52.179363
9353,198,04,2024-02-19 21:51:52,21.129286,52.20533
9354,179,10,2024-02-19 22:06:32,21.03525,52.151466
9355,135,3,2024-02-19 22:06:33,21.097809,52.23645
9356,198,2,2024-02-19 22:06:30,21.223673,52.253838
9357,739,4,2024-02-19 22:06:32,21.055109,52.22657
9358,739,3,2024-02-19 22:06:24,21.079311,52.260452
9359,142,3,2024-02-19 22:06:33,21.085773,52.245285
9402,326,06,2024-02-19 19:33:51,21.015209,52.3186
9403,152,1,2024-02-19 22:06:27,21.060373,52.315113
9404,326,07,2024-02-19 20:41:09,21.015522,52.319027
9405,516,4,2024-02-19 22:06:16,20.978697,52.312145
9411,103,4,2024-02-19 22:06:22,20.945601,52.266026
9412,152,5,2024-02-19 20:07:24,21.015657,52.319099
9413,103,5,2024-02-19 22:06:33,20.968523,52.228928
9414,103,010,2024-02-19 21:06:45,21.015306,52.318451
9415,743,04,2024-02-19 20:19:21,21.01564,52.319077
9416,103,3,2024-02-19 22:06:13,20.93084,52.291428
9417,157,10,2024-02-19 22:06:30,20.992552,52.262161
9418,326,1,2024-02-19 22:06:32,21.015718,52.31842
9419,157,4,2024-02-19 22:06:31,21.015646,52.318729
9420,516,1,2024-02-19 22:06:32,21.015587,52.318718
9421,157,7,2024-02-19 21:43:50,21.015265,52.318989
9422,152,2,2024-02-19 22:06:10,21.01507,52.318134
9423,157,9,2024-02-19 21:20:26,21.015429,52.319023
9424,152,1,2024-02-18 21:42:18,21.016108,52.318703
9425,157,5,2024-02-19 22:06:30,20.993761,52.229847
9426,157,430,2024-02-19 22:06:19,20.976273,52.289848
9427,152,4,2024-02-19 19:16:32,21.015291,52.318474
9428,103,1,2024-02-19 22:06:30,21.014362,52.31797
9429,176,04,2024-02-19 20:52:58,21.015514,52.319042
9430,516,2,2024-02-19 22:06:33,20.942982,52.339161
9431,152,3,2024-02-19 22:06:33,21.015854,52.318535
9432,176,1,2024-02-19 22:06:19,20.98473,52.343906
9433,234,1,2024-02-19 22:06:31,21.056873,52.321667
9434,326,2,2024-02-19 22:06:30,21.015085,52.318996
9435,103,7,2024-02-19 22:06:28,20.965635,52.257416
9436,103,09,2024-02-19 19:12:05,21.015175,52.318436
9437,516,3,2024-02-19 22:06:31,20.942221,52.334904
9438,326,3,2024-02-19 22:06:33,21.015011,52.318081
9439,157,3,2024-02-19 22:06:26,20.989271,52.265671
9440,326,4,2024-02-19 22:06:27,21.015373,52.318012
9441,176,03,2024-02-19 21:41:26,21.01528,52.319069
9442,516,5,2024-02-19 22:05:50,21.000971,52.291138
9443,N64,2,2024-02-19 22:06:34,21.014702,52.318169
9444,103,2,2024-02-19 22:06:32,20.929319,52.289669
9445,234,3,2024-02-19 22:06:21,21.014521,52.310162
9446,152,4,2024-02-19 22:06:30,20.994493,52.341061
9447,103,6,2024-02-19 22:06:05,20.969248,52.224705
9448,326,5,2024-02-19 22:06:31,21.015747,52.318645
9449,157,011,2024-02-19 21:41:16,21.015236,52.319004
9450,157,1,2024-02-19 21:39:31,21.015297,52.318676
9451,234,3,2024-02-19 16:30:54,21.015249,52.318485
9452,157,8,2024-02-19 22:06:22,20.992039,52.232586
9453,103,08,2024-02-19 19:21:52,21.015356,52.318508
9454,103,6,2024-02-19 01:23:03,21.015598,52.318527
9455,157,6,2024-02-19 22:06:31,20.963938,52.208008
9456,176,2,2024-02-19 22:06:16,21.003584,52.311115
9457,234,2,2024-02-19 22:06:06,21.067125,52.338707
9458,256,2,2024-02-19 22:06:34,20.9613052,52.3170164
9459,104,04,2024-02-19 21:38:24,21.015266,52.319084
946,117,5,2024-02-19 22:06:13,21.102183,52.222261
9501,102,09,2024-02-19 21:24:34,20.882354333,52.207799833
9502,715,53,2024-02-19 22:06:29,21.0267275,52.145457333
9503,311,05,2024-02-19 19:02:52,20.883425333,52.206661333
9505,220,1,2024-02-19 22:06:30,20.896928333,52.240422833
9506,194,06,2024-02-19 22:06:32,20.882932333,52.2066355
9507,715,56,2024-02-19 22:06:30,20.943576333,52.175783833
9508,707,02,2024-02-19 21:42:26,20.883913,52.206423167
9509,707,02,2024-02-19 22:06:30,21.021202,52.0808735
9510,311,06,2024-02-19 20:46:45,20.883747333,52.206716
9511,149,1,2024-02-19 22:06:30,20.913831333,52.237657333
9512,737,54,2024-02-19 22:06:30,20.946674,52.069094
9513,220,2,2024-02-19 22:06:33,20.915471167,52.177543333
9514,121,3,2024-02-19 22:06:33,20.9251885,52.272566167
9515,149,662,2024-02-19 22:06:29,20.880167,52.249028167
9516,220,4,2024-02-19 22:06:29,20.896850333,52.229208
9517,737,057,2024-02-19 21:44:20,20.8823835,52.2077495
9518,121,04,2024-02-19 18:58:03,20.883549333,52.206745
9519,121,1,2024-02-19 22:06:32,20.968117667,52.2719925
9520,713,65,2024-02-19 22:06:33,20.744410667,52.2145355
9522,159,4,2024-02-19 22:06:30,21.069265833,52.202057
9523,159,8,2024-02-19 21:21:55,20.883856167,52.206345833
9524,743,3,2024-02-19 22:06:31,20.693507333,52.232384
9525,194,2,2024-02-19 22:06:33,20.892132167,52.205026167
9526,220,07,2024-02-19 22:06:30,20.882312167,52.207799833
9527,743,2,2024-02-19 22:06:24,20.900948667,52.239198833
9528,185,09,2024-02-16 07:24:35,20.883197833,52.206670167
9529,707,1,2024-02-19 21:50:00,20.882440167,52.2077685
9530,159,5,2024-02-19 15:16:01,20.883378167,52.206861167
9531,707,02,2024-02-19 18:54:28,20.883602333,52.2067855
9532,159,3,2024-02-19 22:06:32,20.991166667,52.223739333
9533,220,5,2024-02-19 21:43:55,20.883829667,52.206458
9534,311,04,2024-02-19 21:20:33,20.883994833,52.206357667
9535,194,07,2024-02-19 21:38:53,20.882223,52.207777167
9536,159,1,2024-02-19 22:06:31,20.958012833,52.190293667
9537,220,3,2024-02-19 22:06:32,20.906460667,52.1784245
9538,999,541,2024-02-19 22:03:23,20.8829355,52.206807
9539,715,058,2024-02-19 21:22:55,20.883374333,52.206158
9540,715,52,2024-02-19 22:06:33,21.026891167,52.151074833
9541,194,4,2024-02-16 04:42:32,20.883504,52.206810333
9542,159,2,2024-02-19 21:59:44,20.882607,52.207641833
9543,712,1,2024-02-19 22:06:29,20.847244,52.251030167
9545,713,63,2024-02-19 22:06:32,20.900847667,52.216803167
9547,194,06,2024-02-19 21:54:00,20.8824415,52.2076555
9548,220,6,2024-02-19 22:06:30,20.912222333,52.242754667
9549,220,09,2024-02-19 21:41:05,20.8840045,52.206370333
9550,311,06,2024-02-19 22:06:27,20.883760667,52.206668333
9551,220,08,2024-02-19 21:23:32,20.883262333,52.206139167
9552,159,7,2024-02-19 22:06:33,20.996287667,52.225941333
9553,194,1,2024-02-19 22:06:32,20.8674365,52.197224333
9554,121,2,2024-02-19 22:06:30,20.972447667,52.282125
9555,159,4,2024-02-19 21:53:40,20.882447,52.207745333
9556,737,55,2024-02-19 22:06:29,20.964496667,52.082204
9557,712,02,2024-02-19 20:26:34,20.883680833,52.20666
9558,194,4,2024-02-19 22:06:29,20.930855333,52.225345333
9559,719,663,2024-02-19 22:06:33,20.913777167,52.237882667
9560,159,5,2024-02-19 22:06:29,20.910824667,52.1947155
9561,159,6,2024-02-19 22:06:31,20.954557,52.2117105
9671,212,2,2024-02-19 22:06:25,21.066286,52.277225
9672,212,1,2024-02-19 22:06:28,21.015003,52.318451
9675,736,1,2024-02-19 22:06:33,21.000395,52.291443
9678,204,1,2024-02-19 22:06:33,21.068283,52.32373
9679,212,4,2024-02-19 22:06:31,21.037893,52.262814
9685,110,72,2024-02-19 22:06:33,20.945644,52.277275
9686,212,3,2024-02-19 22:06:32,21.015049,52.318447
9687,226,2,2024-02-19 19:55:38,21.013634,52.318501
9689,226,1,2024-02-19 22:06:34,21.0349222,52.3006549
9690,226,04,2024-02-19 22:06:31,21.01469,52.318527
9693,204,2,2024-02-19 22:06:29,21.031027,52.293541
9694,212,5,2024-02-19 22:06:29,21.05571,52.301903
9696,226,2,2024-02-19 22:06:33,21.048676,52.340252
9697,110,71,2024-02-19 22:06:29,20.899494,52.325726
9698,226,3,2024-02-19 22:06:32,21.030416,52.293663
9699,102,542,2024-02-19 18:06:02,21.0136039,52.3184522
9801,167,013,2024-02-19 22:06:08,21.062035,52.21233
9802,131,10,2024-02-19 22:06:34,20.883484,52.20624
9803,185,1,2024-02-19 22:06:32,21.034798,52.14118
9804,167,12,2024-02-19 22:06:31,20.96819,52.214127
9805,131,11,2024-02-19 22:06:29,21.048638,52.206833
9806,131,014,2024-02-19 22:06:29,20.883126,52.206971
9807,131,015,2024-02-19 22:06:32,20.883362,52.20624
9808,167,016,2024-02-19 22:06:33,20.939782,52.23546
9809,131,016,2024-02-16 15:08:03,20.85963,52.11625
9810,185,013,2024-02-19 16:25:09,20.882561,52.20678
9811,131,12,2024-02-19 22:06:33,21.069016,52.181351
9812,185,3,2024-02-19 22:06:28,21.051209,52.17876
9813,185,2,2024-02-19 22:06:31,20.882927,52.206513
9814,131,6,2024-02-19 22:06:33,20.8824311,52.207642
9815,185,013,2024-02-19 22:06:31,20.88342,52.206223
9816,167,1,2024-02-19 22:06:31,21.018586,52.21285
9817,167,2,2024-02-19 22:06:31,21.082863,52.20824
9818,167,3,2024-02-19 22:06:31,21.0412,52.20665
9819,167,4,2024-02-19 22:06:31,20.883111,52.206971
9820,167,5,2024-02-19 22:06:30,20.972252,52.212616
9821,167,601,2024-02-19 22:06:32,20.9409,52.23404
9822,185,5,2024-02-19 22:06:29,20.883141,52.20694
9823,185,9,2024-02-19 22:06:32,20.88373,52.20557
9824,185,4,2024-02-19 22:06:33,21.02776,52.242753
9825,131,1,2024-02-19 22:06:31,21.065217,52.18538
9826,167,017,2024-02-19 22:06:33,20.88313,52.20698
9827,167,014,2024-02-19 22:06:27,20.882821,52.207535
9828,185,11,2024-02-19 22:06:31,21.044655,52.176423
9829,167,8,2024-02-19 22:06:29,20.8984528,52.2584
9830,817,03,2024-02-19 22:06:33,20.882714,52.20751
9831,185,12,2024-02-19 22:06:34,21.023217,52.142884
9832,185,6,2024-02-19 22:06:27,20.9761,52.28826
9833,167,9,2024-02-19 22:06:29,20.898186,52.25811
9834,185,014,2024-02-19 22:06:33,20.882493,52.207413
9835,131,2,2024-02-19 22:06:32,20.88254,52.20765
9836,N42,2,2024-02-19 22:06:31,20.88289,52.207291
9837,167,6,2024-02-19 22:06:25,20.88318,52.20615
9838,185,7,2024-02-19 22:06:33,20.9759,52.28975
9839,167,10,2024-02-19 22:06:31,20.88276,52.20655
9840,131,7,2024-02-19 22:03:47,20.950051,52.21061
9841,131,4,2024-02-19 22:06:31,21.02297,52.2114
9842,185,432,2024-02-19 22:06:32,20.8824808,52.2077676
9843,817,04,2024-02-19 22:06:27,20.882401,52.20752
9844,131,3,2024-02-19 22:06:31,20.882729,52.20743
9845,131,13,2024-02-19 22:06:32,21.083962,52.16825
9846,185,8,2024-02-19 22:06:29,21.019463,52.247773
9847,131,5,2024-02-19 22:06:30,20.88261,52.20765
9848,817,02,2024-02-19 22:06:31,20.882454,52.20772
9849,131,8,2024-02-19 22:06:32,21.01487,52.224885
9850,999,09,2024-02-19 22:06:32,20.88271,52.20737
9851,167,7,2024-02-19 22:06:05,20.8977967,52.24799
9852,817,01,2024-02-19 22:06:30,20.88248,52.20768
9853,131,9,2024-02-19 22:06:15,20.955452,52.21419
9854,185,015,2024-02-19 22:06:31,20.883713,52.20572
9901,112,012,2024-02-19 22:06:06,20.874132,52.279385
9902,186,4,2024-02-19 21:57:59,20.873804,52.279407
9903,112,013,2024-02-19 22:05:56,20.874577,52.279331
9904,114,3,2024-02-19 22:06:31,20.873592,52.279049
9905,114,1,2024-02-19 22:06:27,21.034449,52.288574
9906,210,6,2024-02-19 22:06:22,20.928181,52.291016
9907,114,8,2024-02-19 22:06:02,20.873888,52.279373
9908,511,05,2024-02-19 22:05:59,20.874695,52.279018
9909,186,3,2024-02-19 22:06:29,20.942236,52.334209
9910,210,2,2024-02-19 22:05:59,20.767422,52.307808
9911,193,1,2024-02-19 19:46:54,20.873814,52.279381
9912,114,7,2024-02-19 22:06:25,21.041403,52.299961
9913,114,5,2024-02-19 22:06:30,20.931765,52.287418
9914,114,011,2024-02-19 22:06:30,20.87389,52.279045
9915,186,6,2024-02-19 22:06:28,20.875446,52.278561
9916,112,016,2024-02-19 22:06:24,21.041981,52.296097
9917,114,21,2024-02-19 22:06:23,20.874266,52.279392
9918,193,2,2024-02-19 22:06:32,21.025261,52.173519
9919,114,2,2024-02-19 22:06:30,20.944571,52.271938
9920,210,5,2024-02-19 22:06:31,20.873919,52.279053
9921,114,010,2024-02-19 22:06:26,20.874437,52.279392
9922,186,1,2024-02-19 22:06:04,20.87509,52.279003
9923,186,2,2024-02-19 22:06:28,20.973358,52.318951
9925,184,495,2024-02-19 22:06:27,20.92135,52.248737
9926,210,3,2024-02-19 22:06:02,20.854671,52.291756
9927,193,4,2024-02-19 22:06:32,21.047417,52.162998
9928,719,09,2024-02-19 22:06:13,20.875496,52.279129
9929,114,9,2024-02-19 22:05:59,20.984245,52.287163
9930,719,07,2024-02-19 22:06:22,20.874626,52.278248
9932,186,4,2024-02-19 22:06:30,20.873669,52.279388
9933,114,4,2024-02-19 22:06:31,20.917089,52.312969
9934,186,8,2024-02-19 22:06:04,20.874268,52.279358
9935,719,08,2024-02-19 22:06:02,20.873959,52.279388
9936,114,M22,2024-02-19 22:06:05,20.875166,52.279278
9937,193,1,2024-02-19 22:06:32,20.995337,52.170258
9938,719,06,2024-02-19 22:06:32,20.874048,52.279369
9940,112,014,2024-02-19 22:06:33,20.873913,52.279388
9941,210,1,2024-02-19 22:06:29,20.873098,52.287792
9942,511,05,2024-02-09 13:24:36,20.873585,52.279407
9943,719,08,2024-02-19 22:06:24,20.867697,52.277615
9944,114,010,2024-02-19 22:06:33,20.874298,52.279388
9945,210,4,2024-02-19 22:06:19,20.874266,52.278996
9946,193,5,2024-02-19 22:06:26,20.87418,52.279022
9947,N42,1,2024-02-19 22:06:33,20.875103,52.279224
9948,190,4,2024-02-11 13:53:59,20.927774,52.233925
9949,186,9,2024-02-19 22:06:24,20.874166,52.279362
9950,186,4,2024-02-19 22:06:31,20.940973,52.32502
9951,186,10,2024-02-19 22:06:18,20.960707,52.217258
9952,186,11,2024-02-19 22:06:25,20.965963,52.207832
9953,193,3,2024-02-19 22:06:18,21.036955,52.162025
9954,186,12,2024-02-19 22:06:24,20.957731,52.242958
9955,114,6,2024-02-19 22:06:00,20.985312,52.268848
